id,prenom,nom,email,telephone_fixe,telephone_mobile,entreprise,poste,secteur,ville,departement,pays,source_acquisition,statut,date_creation,linkedin
1,Sophie,Durand,sophie.durand@nordinternational.fr,02 38 27 23 96,06 79 21 85 64,Nord International,Directeur Commercial,Technologie,Bordeaux,33,France,Salon professionnel,Lead qualifié,2025-04-17,linkedin.com/in/sophie-durand617
2,Léa,Guerin,lea.guerin@alpineinternational.fr,04 38 67 85 45,06 10 30 99 64,Alpine International,Chargé de Clientèle,Retail,Angers,49,France,Recommandation,Lead qualifié,2025-06-04,linkedin.com/in/lea-guerin95
3,Ethan,Petit,ethan.petit@cobaltdynamics.fr,05 43 15 68 78,06 25 58 20 80,Cobalt Dynamics,Responsable RH,BTP,Reims,51,France,Prospection sortante,Opportunité en cours,2025-10-07,linkedin.com/in/ethan-petit722
4,Camille,Dubois,camille.dubois@solsticeindustries.fr,01 39 22 58 45,06 68 91 56 30,Solstice Industries,Directeur des Opérations,Éducation,Lille,59,France,LinkedIn,Opportunité en cours,2025-12-22,linkedin.com/in/camille-dubois664
5,Camille,Roussel,camille.roussel@kairosconsulting.fr,06 41 30 69 58,06 44 91 98 81,Kairos Consulting,Ingénieur,Télécommunications,Angers,49,France,Campagne email,Prospect,2025-04-27,linkedin.com/in/camille-roussel33
6,Olivier,Morel,olivier.morel@lumengroup.fr,02 82 50 37 93,06 73 60 92 68,Lumen Group,Responsable Marketing,Retail,Marseille,13,France,Recommandation,Lead qualifié,2025-12-18,linkedin.com/in/olivier-morel552
7,Gabriel,Chevalier,gabriel.chevalier@vividservices.fr,04 56 38 27 75,06 73 21 16 24,Vivid Services,Responsable Marketing,Télécommunications,Nîmes,30,France,Recommandation,Client actif,2025-10-03,linkedin.com/in/gabriel-chevalier395
8,Ethan,Roussel,ethan.roussel@quantispartners.fr,05 11 97 24 97,06 78 44 92 53,Quantis Partners,Chef de Projet,Retail,Bordeaux,33,France,Publicité en ligne,Lead qualifié,2025-08-01,linkedin.com/in/ethan-roussel977
9,Charlotte,Marchand,charlotte.marchand@orbitpartners.fr,05 23 90 48 91,06 74 87 35 29,Orbit Partners,Directeur des Opérations,Tourisme,Nantes,44,France,Recommandation,Client inactif,2025-09-01,linkedin.com/in/charlotte-marchand614
10,Arthur,Garnier,arthur.garnier@nordtechnologies.fr,07 49 40 17 40,06 82 20 20 72,Nord Technologies,Responsable Achats,Tourisme,Reims,51,France,Webinar,Lead qualifié,2025-03-22,linkedin.com/in/arthur-garnier487
11,Alexandre,Simon,alexandre.simon@orbitpartners.fr,04 37 79 98 35,06 49 61 95 93,Orbit Partners,Directeur des Opérations,Transport,Villeurbanne,69,France,Webinar,Client actif,2025-02-08,linkedin.com/in/alexandre-simon231
12,Camille,Girard,camille.girard@nordinnovations.fr,02 85 38 10 19,06 90 17 39 18,Nord Innovations,Directeur Commercial,BTP,Angers,49,France,Campagne email,Prospect,2025-09-08,linkedin.com/in/camille-girard286
13,Laura,Garnier,laura.garnier@alpinepartners.fr,06 83 83 70 41,06 70 62 34 22,Alpine Partners,Chef de Projet,Télécommunications,Nice,06,France,Publicité en ligne,Opportunité en cours,2025-07-14,linkedin.com/in/laura-garnier479
14,Guillaume,Marchand,guillaume.marchand@sudeurope.fr,01 61 53 23 41,06 34 34 78 67,Sud Europe,Responsable Marketing,Immobilier,Toulouse,31,France,Recommandation,Opportunité en cours,2025-08-08,linkedin.com/in/guillaume-marchand896
15,Romain,Robert,romain.robert@quantislabs.fr,01 16 93 79 11,06 21 40 31 62,Quantis Labs,Product Manager,Transport,Angers,49,France,LinkedIn,Client actif,2025-01-06,linkedin.com/in/romain-robert389
16,Emma,Mercier,emma.mercier@orbitventures.fr,03 64 99 81 94,06 72 29 34 47,Orbit Ventures,Responsable IT,Technologie,Toulon,83,France,Prospection sortante,Client inactif,2025-01-24,linkedin.com/in/emma-mercier322
17,Manon,Thomas,manon.thomas@vividsystems.fr,07 77 30 17 75,06 20 33 18 86,Vivid Systems,Responsable Achats,Télécommunications,Dijon,21,France,LinkedIn,Client actif,2025-02-19,linkedin.com/in/manon-thomas253
18,Maxime,Roussel,maxime.roussel@sudinnovations.fr,04 94 84 82 76,06 50 43 36 95,Sud Innovations,Chargé de Clientèle,Industrie,Marseille,13,France,Appel entrant,Client actif,2025-03-22,linkedin.com/in/maxime-roussel661
19,Louis,Martinez,louis.martinez@zenithventures.fr,01 68 89 82 22,06 19 78 37 74,Zenith Ventures,Consultant Senior,Santé,Marseille,13,France,Campagne email,Prospect,2025-04-12,linkedin.com/in/louis-martinez292
20,Julie,François,julie.francois@asterpartners.fr,05 93 77 11 95,06 80 48 94 23,Aster Partners,Responsable Marketing,Retail,Lille,59,France,Salon professionnel,Prospect,2025-12-18,linkedin.com/in/julie-francois160
21,Léo,Vincent,leo.vincent@arionindustries.fr,02 97 91 43 74,06 72 42 16 21,Arion Industries,Acheteur,BTP,Rennes,35,France,Appel entrant,Prospect,2025-01-11,linkedin.com/in/leo-vincent790
22,Louise,Perrin,louise.perrin@orbitconsulting.fr,05 64 81 11 24,06 19 98 29 79,Orbit Consulting,Directeur Commercial,BTP,Toulon,83,France,Campagne email,Client inactif,2025-09-05,linkedin.com/in/louise-perrin441
23,Louise,Dubois,louise.dubois@prismadigital.fr,03 36 97 41 95,06 23 55 81 62,Prisma Digital,Responsable Logistique,Assurance,Lyon,69,France,Recommandation,Lead qualifié,2025-03-26,linkedin.com/in/louise-dubois831
24,Marie,Lambert,marie.lambert@nordconsulting.fr,07 62 95 41 44,06 30 99 23 58,Nord Consulting,Directeur Commercial,BTP,Rennes,35,France,Partenaire,Lead qualifié,2025-04-27,linkedin.com/in/marie-lambert941
25,Mathis,André,mathis.andre@prismadynamics.fr,02 13 94 34 61,06 52 45 18 45,Prisma Dynamics,Directeur des Opérations,Télécommunications,Montpellier,34,France,Webinar,Client actif,2025-11-27,linkedin.com/in/mathis-andre550
26,Adam,Bernard,adam.bernard@vertexventures.fr,02 84 43 14 23,06 86 65 54 50,Vertex Ventures,Acheteur,Agroalimentaire,Bordeaux,33,France,Webinar,Prospect,2025-07-19,linkedin.com/in/adam-bernard195
27,Gabriel,Dubois,gabriel.dubois@ombraservices.fr,05 78 97 95 35,06 56 65 18 95,Ombra Services,Chargé de Clientèle,Agroalimentaire,Paris,75,France,Campagne email,Prospect,2025-12-10,linkedin.com/in/gabriel-dubois520
28,Louis,Mathieu,louis.mathieu@novaradigital.fr,06 47 80 26 34,06 63 95 58 96,Novara Digital,Directeur Financier,Agroalimentaire,Le Havre,76,France,Prospection sortante,Opportunité en cours,2025-07-18,linkedin.com/in/louis-mathieu854
29,Emma,Fournier,emma.fournier@prismaindustries.fr,07 84 87 93 51,06 69 66 66 96,Prisma Industries,Responsable IT,Énergie,Saint-Étienne,42,France,Partenaire,Lead qualifié,2025-11-03,linkedin.com/in/emma-fournier291
30,Antoine,Mathieu,antoine.mathieu@kairosinnovations.fr,01 40 96 49 38,06 35 28 13 15,Kairos Innovations,Ingénieur,Transport,Rennes,35,France,Prospection sortante,Prospect,2025-08-14,linkedin.com/in/antoine-mathieu908
31,Sophie,Muller,sophie.muller@alpineinternational.fr,04 61 41 28 93,06 98 10 23 64,Alpine International,Ingénieur,Santé,Le Havre,76,France,Webinar,Client actif,2025-01-18,linkedin.com/in/sophie-muller256
32,Benjamin,Durand,benjamin.durand@quantisconsulting.fr,06 77 81 86 50,06 66 88 74 64,Quantis Consulting,Directeur Technique,Transport,Toulon,83,France,Recommandation,Client actif,2025-08-09,linkedin.com/in/benjamin-durand770
33,Lucas,Perrin,lucas.perrin@orbitlabs.fr,04 90 40 45 66,06 19 46 40 44,Orbit Labs,Chargé de Clientèle,Éducation,Dijon,21,France,Webinar,Prospect,2025-03-05,linkedin.com/in/lucas-perrin237
34,Ethan,Gauthier,ethan.gauthier@horizoninternational.fr,01 63 62 52 79,06 69 63 17 36,Horizon International,Acheteur,Immobilier,Strasbourg,67,France,Prospection sortante,Prospect,2025-10-13,linkedin.com/in/ethan-gauthier489
35,Emma,André,emma.andre@prismalabs.fr,07 63 78 79 87,06 38 72 38 44,Prisma Labs,Acheteur,Transport,Le Havre,76,France,Site web,Client actif,2025-06-22,linkedin.com/in/emma-andre696
36,Olivier,Dupont,olivier.dupont@haloconsulting.fr,02 89 78 13 60,06 85 82 94 13,Halo Consulting,Responsable Achats,Télécommunications,Toulon,83,France,Publicité en ligne,Lead qualifié,2025-08-06,linkedin.com/in/olivier-dupont52
37,Gabriel,Mercier,gabriel.mercier@zenithindustries.fr,03 53 58 45 63,06 42 20 70 12,Zenith Industries,Directeur Technique,Technologie,Toulon,83,France,Campagne email,Lead qualifié,2025-11-03,linkedin.com/in/gabriel-mercier800
38,Claire,Dubois,claire.dubois@vantagesolutions.fr,02 12 89 29 40,06 26 70 95 24,Vantage Solutions,Chargé d'Affaires,Industrie,Montpellier,34,France,Partenaire,Opportunité en cours,2025-06-06,linkedin.com/in/claire-dubois621
39,Kevin,Chevalier,kevin.chevalier@ombratechnologies.fr,03 23 84 13 49,06 83 96 58 60,Ombra Technologies,Responsable IT,Finance,Nantes,44,France,Prospection sortante,Lead qualifié,2025-02-23,linkedin.com/in/kevin-chevalier792
40,Louis,Clement,louis.clement@arionlabs.fr,07 82 15 54 78,06 64 94 57 18,Arion Labs,Responsable Qualité,Télécommunications,Toulouse,31,France,Campagne email,Prospect,2025-07-27,linkedin.com/in/louis-clement502
41,Inès,Bonnet,ines.bonnet@cobalteurope.fr,06 29 65 32 76,06 93 44 88 78,Cobalt Europe,Product Manager,Transport,Toulon,83,France,Publicité en ligne,Client inactif,2025-05-11,linkedin.com/in/ines-bonnet873
42,Lucas,Richard,lucas.richard@orbitventures.fr,02 69 82 88 95,06 58 53 13 73,Orbit Ventures,Chargé de Clientèle,Santé,Toulon,83,France,Partenaire,Lead qualifié,2025-06-26,linkedin.com/in/lucas-richard265
43,Adam,Roux,adam.roux@fjordinnovations.fr,05 11 76 34 20,06 40 62 72 81,Fjord Innovations,Ingénieur,Assurance,Bordeaux,33,France,Partenaire,Client actif,2025-08-26,linkedin.com/in/adam-roux18
44,Sarah,Vincent,sarah.vincent@deltaservices.fr,03 94 84 57 70,06 80 77 54 64,Delta Services,Directeur Technique,Éducation,Montpellier,34,France,Campagne email,Client actif,2025-05-10,linkedin.com/in/sarah-vincent258
45,Anna,Durand,anna.durand@haloindustries.fr,01 78 98 33 34,06 37 71 45 85,Halo Industries,Responsable Qualité,Agroalimentaire,Rennes,35,France,Appel entrant,Prospect,2025-04-10,linkedin.com/in/anna-durand233
46,Hugo,Laurent,hugo.laurent@prismasolutions.fr,02 45 15 16 80,06 47 99 26 91,Prisma Solutions,Product Manager,Finance,Angers,49,France,Site web,Client inactif,2025-05-16,linkedin.com/in/hugo-laurent491
47,Sacha,Girard,sacha.girard@meridiansolutions.fr,07 71 24 18 61,06 72 19 83 90,Meridian Solutions,Directeur Commercial,Santé,Bordeaux,33,France,Recommandation,Client inactif,2025-05-03,linkedin.com/in/sacha-girard255
48,Jade,Guerin,jade.guerin@vantageservices.fr,05 89 38 76 58,06 67 66 48 85,Vantage Services,Acheteur,Retail,Villeurbanne,69,France,Prospection sortante,Client inactif,2025-01-20,linkedin.com/in/jade-guerin984
49,Pauline,Petit,pauline.petit@vantageindustries.fr,03 94 20 30 40,06 32 80 19 30,Vantage Industries,Directeur Général,Immobilier,Strasbourg,67,France,Partenaire,Client inactif,2025-08-10,linkedin.com/in/pauline-petit34
50,Anna,Vincent,anna.vincent@ombragroup.fr,01 97 39 43 90,06 85 94 35 64,Ombra Group,Chef de Projet,Énergie,Toulon,83,France,LinkedIn,Lead qualifié,2025-05-27,linkedin.com/in/anna-vincent146
51,Camille,Thomas,camille.thomas@meridianlabs.fr,05 82 46 66 25,06 69 98 48 99,Meridian Labs,Responsable Communication,Retail,Lille,59,France,Webinar,Client inactif,2025-08-15,linkedin.com/in/camille-thomas83
52,Kevin,Dubois,kevin.dubois@fjordservices.fr,05 42 13 21 39,06 96 83 85 12,Fjord Services,Consultant Senior,Agroalimentaire,Rennes,35,France,Site web,Lead qualifié,2025-08-17,linkedin.com/in/kevin-dubois668
53,Sacha,Roux,sacha.roux@meridianinnovations.fr,06 72 21 70 54,06 62 52 51 95,Meridian Innovations,Chef de Projet,BTP,Saint-Étienne,42,France,Recommandation,Opportunité en cours,2025-07-23,linkedin.com/in/sacha-roux508
54,Raphaël,Mathieu,raphael.mathieu@lumendynamics.fr,01 68 21 50 42,06 51 24 61 75,Lumen Dynamics,Directeur Général,Télécommunications,Angers,49,France,Webinar,Client actif,2025-07-02,linkedin.com/in/raphael-mathieu193
55,Pierre,Lefevre,pierre.lefevre@arionlabs.fr,06 66 16 36 44,06 80 26 46 66,Arion Labs,Product Manager,Finance,Grenoble,38,France,Site web,Client inactif,2025-04-23,linkedin.com/in/pierre-lefevre163
56,Louis,Guerin,louis.guerin@nordpartners.fr,01 38 24 69 25,06 92 29 73 47,Nord Partners,Responsable Qualité,Assurance,Saint-Étienne,42,France,Appel entrant,Client actif,2025-08-16,linkedin.com/in/louis-guerin250
57,Mathis,Guerin,mathis.guerin@horizonservices.fr,05 75 27 18 45,06 63 53 74 44,Horizon Services,Directeur Général,Retail,Strasbourg,67,France,Appel entrant,Client inactif,2025-10-22,linkedin.com/in/mathis-guerin502
58,Guillaume,Moreau,guillaume.moreau@quantispartners.fr,03 52 80 79 58,06 68 51 34 99,Quantis Partners,Ingénieur,Agroalimentaire,Grenoble,38,France,Publicité en ligne,Lead qualifié,2025-07-02,linkedin.com/in/guillaume-moreau326
59,Pauline,Legrand,pauline.legrand@ombraventures.fr,04 94 93 29 73,06 14 26 74 85,Ombra Ventures,Chargé de Clientèle,BTP,Le Havre,76,France,Salon professionnel,Client actif,2025-02-17,linkedin.com/in/pauline-legrand933
60,Mathis,Martin,mathis.martin@haloconsulting.fr,07 93 29 19 70,06 43 53 89 98,Halo Consulting,Responsable Communication,Télécommunications,Saint-Étienne,42,France,Salon professionnel,Opportunité en cours,2025-11-28,linkedin.com/in/mathis-martin547
61,Ethan,Morel,ethan.morel@kairosinternational.fr,07 79 14 89 18,06 40 90 97 46,Kairos International,Ingénieur,Assurance,Grenoble,38,France,Salon professionnel,Client actif,2025-02-25,linkedin.com/in/ethan-morel649
62,Aurélie,Petit,aurelie.petit@quantisconsulting.fr,01 15 51 17 47,06 55 57 65 28,Quantis Consulting,Ingénieur,Énergie,Lille,59,France,Publicité en ligne,Client inactif,2025-11-26,linkedin.com/in/aurelie-petit185
63,Julie,Laurent,julie.laurent@atlasinnovations.fr,05 97 40 73 84,06 28 39 69 91,Atlas Innovations,Consultant Senior,Transport,Le Havre,76,France,Appel entrant,Prospect,2025-08-10,linkedin.com/in/julie-laurent694
64,Julien,Simon,julien.simon@atlassystems.fr,05 48 91 64 98,06 42 68 48 35,Atlas Systems,Responsable Communication,BTP,Reims,51,France,Partenaire,Prospect,2025-04-13,linkedin.com/in/julien-simon586
65,Jules,Muller,jules.muller@prismainternational.fr,01 94 60 45 11,06 82 97 16 87,Prisma International,Product Manager,BTP,Lille,59,France,Appel entrant,Lead qualifié,2025-10-26,linkedin.com/in/jules-muller361
66,Anna,Perrin,anna.perrin@alpineinnovations.fr,06 94 97 27 90,06 22 90 92 15,Alpine Innovations,Responsable RH,Tourisme,Bordeaux,33,France,Partenaire,Prospect,2025-10-12,linkedin.com/in/anna-perrin750
67,Louise,Richard,louise.richard@elangroup.fr,06 63 32 35 26,06 79 56 77 74,Elan Group,Consultant Senior,BTP,Rennes,35,France,Recommandation,Opportunité en cours,2025-08-26,linkedin.com/in/louise-richard303
68,Pauline,Girard,pauline.girard@cyphertechnologies.fr,01 28 38 96 96,06 60 81 56 21,Cypher Technologies,Responsable Communication,Technologie,Toulon,83,France,Appel entrant,Client inactif,2025-02-15,linkedin.com/in/pauline-girard378
69,Elodie,Chevalier,elodie.chevalier@solsticegroup.fr,04 91 57 23 96,06 39 70 13 89,Solstice Group,Directeur Technique,Éducation,Nîmes,30,France,Prospection sortante,Lead qualifié,2025-11-03,linkedin.com/in/elodie-chevalier651
70,Christophe,Martinez,christophe.martinez@elaninternational.fr,06 62 24 27 15,06 14 48 73 24,Elan International,Chef de Projet,Industrie,Lille,59,France,Webinar,Lead qualifié,2025-07-15,linkedin.com/in/christophe-martinez380
71,Laura,Chevalier,laura.chevalier@ombrapartners.fr,05 29 63 93 22,06 72 88 62 45,Ombra Partners,Directeur Commercial,Assurance,Saint-Étienne,42,France,Campagne email,Lead qualifié,2025-08-15,linkedin.com/in/laura-chevalier974
72,Lucas,Lefevre,lucas.lefevre@vertexeurope.fr,05 92 55 17 60,06 45 34 25 68,Vertex Europe,Responsable Achats,Télécommunications,Reims,51,France,LinkedIn,Client inactif,2025-01-02,linkedin.com/in/lucas-lefevre806
73,Adam,David,adam.david@horizonlabs.fr,02 18 80 36 85,06 37 39 52 28,Horizon Labs,Responsable Logistique,Technologie,Nîmes,30,France,Appel entrant,Lead qualifié,2025-03-18,linkedin.com/in/adam-david257
74,Olivier,Laurent,olivier.laurent@vertexeurope.fr,02 11 55 40 85,06 51 12 32 43,Vertex Europe,Directeur Commercial,Santé,Paris,75,France,Publicité en ligne,Client inactif,2025-02-24,linkedin.com/in/olivier-laurent66
75,Thomas,François,thomas.francois@vantagedigital.fr,05 23 67 74 38,06 88 15 94 76,Vantage Digital,Responsable RH,Transport,Dijon,21,France,Site web,Prospect,2025-08-28,linkedin.com/in/thomas-francois412
76,Noah,Clement,noah.clement@vertexsystems.fr,01 20 51 87 28,06 18 26 45 89,Vertex Systems,Chargé d'Affaires,Énergie,Toulon,83,France,Campagne email,Client actif,2025-10-17,linkedin.com/in/noah-clement302
77,Mathis,Faure,mathis.faure@arionservices.fr,07 99 24 93 93,06 80 37 65 67,Arion Services,Ingénieur,Immobilier,Toulouse,31,France,Campagne email,Client actif,2025-07-14,linkedin.com/in/mathis-faure748
78,Inès,Morel,ines.morel@novaradigital.fr,03 29 97 70 18,06 21 20 21 65,Novara Digital,Chef de Projet,Assurance,Bordeaux,33,France,Campagne email,Lead qualifié,2025-09-02,linkedin.com/in/ines-morel601
79,Alexandre,Guerin,alexandre.guerin@zenitheurope.fr,04 55 95 64 16,06 46 86 49 55,Zenith Europe,Chef de Projet,Agroalimentaire,Toulouse,31,France,Webinar,Lead qualifié,2025-03-22,linkedin.com/in/alexandre-guerin494
80,Anna,Petit,anna.petit@cobaltdynamics.fr,03 24 45 83 38,06 64 81 89 88,Cobalt Dynamics,Directeur Technique,Technologie,Angers,49,France,Prospection sortante,Opportunité en cours,2025-01-06,linkedin.com/in/anna-petit280
81,Céline,Renard,celine.renard@prismaventures.fr,03 10 33 28 82,06 94 61 18 28,Prisma Ventures,Directeur Général,Finance,Rennes,35,France,Webinar,Lead qualifié,2025-07-14,linkedin.com/in/celine-renard465
82,Adam,Simon,adam.simon@cobaltgroup.fr,07 82 86 20 16,06 29 30 89 16,Cobalt Group,Responsable Achats,Retail,Rennes,35,France,Partenaire,Client actif,2025-08-20,linkedin.com/in/adam-simon453
83,Tom,Roux,tom.roux@alpinelabs.fr,01 54 65 24 46,06 96 96 85 72,Alpine Labs,Responsable Qualité,Télécommunications,Dijon,21,France,Appel entrant,Prospect,2025-04-13,linkedin.com/in/tom-roux614
84,Manon,Martin,manon.martin@alpinegroup.fr,07 27 42 47 51,06 25 10 73 65,Alpine Group,Directeur Financier,Santé,Strasbourg,67,France,Publicité en ligne,Client inactif,2025-12-08,linkedin.com/in/manon-martin513
85,Alexandre,Mathieu,alexandre.mathieu@cypherdigital.fr,04 15 65 12 68,06 19 50 83 64,Cypher Digital,Chargé d'Affaires,Immobilier,Marseille,13,France,Publicité en ligne,Opportunité en cours,2025-02-13,linkedin.com/in/alexandre-mathieu22
86,Arthur,Simon,arthur.simon@cypherinnovations.fr,07 98 56 21 65,06 23 41 65 85,Cypher Innovations,Responsable Communication,Énergie,Toulon,83,France,Salon professionnel,Client actif,2025-05-24,linkedin.com/in/arthur-simon348
87,Anna,Girard,anna.girard@vantageconsulting.fr,05 91 24 77 75,06 34 54 54 92,Vantage Consulting,Responsable Marketing,Industrie,Marseille,13,France,Salon professionnel,Lead qualifié,2025-05-07,linkedin.com/in/anna-girard178
88,Kevin,Moreau,kevin.moreau@vantagelabs.fr,02 90 73 69 82,06 84 67 97 82,Vantage Labs,Responsable Logistique,Éducation,Marseille,13,France,Campagne email,Lead qualifié,2025-08-03,linkedin.com/in/kevin-moreau481
89,Sacha,Perrin,sacha.perrin@prismalabs.fr,05 17 55 74 19,06 49 69 67 14,Prisma Labs,Directeur Commercial,Éducation,Bordeaux,33,France,Appel entrant,Prospect,2025-11-28,linkedin.com/in/sacha-perrin876
90,Sarah,Nicolas,sarah.nicolas@arionpartners.fr,04 84 80 15 67,06 83 93 34 51,Arion Partners,Responsable Logistique,Transport,Le Havre,76,France,Webinar,Lead qualifié,2025-01-15,linkedin.com/in/sarah-nicolas106
91,Olivier,Girard,olivier.girard@ombratechnologies.fr,06 32 15 41 66,06 66 77 76 88,Ombra Technologies,Directeur Financier,Éducation,Dijon,21,France,Campagne email,Opportunité en cours,2025-07-14,linkedin.com/in/olivier-girard794
92,Adam,Clement,adam.clement@arionsolutions.fr,01 52 22 81 96,06 59 46 42 94,Arion Solutions,Responsable Logistique,BTP,Rennes,35,France,Recommandation,Opportunité en cours,2025-02-19,linkedin.com/in/adam-clement680
93,Alice,André,alice.andre@prismaeurope.fr,02 86 20 49 81,06 58 92 52 26,Prisma Europe,Responsable Qualité,Finance,Le Havre,76,France,Publicité en ligne,Client inactif,2025-06-01,linkedin.com/in/alice-andre372
94,Louis,Laurent,louis.laurent@alpinedigital.fr,02 38 27 29 19,06 47 22 74 79,Alpine Digital,Responsable Qualité,Technologie,Grenoble,38,France,Campagne email,Client inactif,2025-03-20,linkedin.com/in/louis-laurent386
95,Alice,Simon,alice.simon@meridiandynamics.fr,07 31 66 15 62,06 56 96 40 66,Meridian Dynamics,Responsable Logistique,Retail,Villeurbanne,69,France,Partenaire,Lead qualifié,2025-09-08,linkedin.com/in/alice-simon317
96,Olivier,Legrand,olivier.legrand@fjorddynamics.fr,03 96 83 66 69,06 46 58 74 77,Fjord Dynamics,Acheteur,Santé,Strasbourg,67,France,LinkedIn,Client inactif,2025-03-28,linkedin.com/in/olivier-legrand257
97,Manon,Morin,manon.morin@stratusdynamics.fr,05 23 76 25 46,06 20 30 44 67,Stratus Dynamics,Responsable Qualité,Santé,Reims,51,France,Publicité en ligne,Prospect,2025-04-27,linkedin.com/in/manon-morin462
98,Damien,André,damien.andre@elansolutions.fr,01 60 74 57 40,06 59 20 57 38,Elan Solutions,Directeur Général,Éducation,Saint-Étienne,42,France,Salon professionnel,Opportunité en cours,2025-03-05,linkedin.com/in/damien-andre40
99,Raphaël,Legrand,raphael.legrand@ombradynamics.fr,07 70 67 88 10,06 20 12 42 37,Ombra Dynamics,Responsable Marketing,Énergie,Nice,06,France,Prospection sortante,Client inactif,2025-07-04,linkedin.com/in/raphael-legrand795
100,Raphaël,David,raphael.david@prismatechnologies.fr,02 63 91 89 68,06 18 24 73 86,Prisma Technologies,Directeur Technique,Technologie,Lyon,69,France,Webinar,Client inactif,2025-04-23,linkedin.com/in/raphael-david148
101,Raphaël,Bonnet,raphael.bonnet@nordinnovations.fr,02 83 63 33 95,06 95 20 77 56,Nord Innovations,Responsable Achats,Énergie,Reims,51,France,Webinar,Client inactif,2025-09-18,linkedin.com/in/raphael-bonnet21
102,Ethan,Legrand,ethan.legrand@sudeurope.fr,03 42 12 55 18,06 54 40 94 90,Sud Europe,Chef de Projet,Tourisme,Le Havre,76,France,Prospection sortante,Opportunité en cours,2025-03-02,linkedin.com/in/ethan-legrand361
103,Julien,Girard,julien.girard@astereurope.fr,07 97 69 99 71,06 90 33 27 18,Aster Europe,Business Developer,Technologie,Nantes,44,France,Appel entrant,Lead qualifié,2025-01-26,linkedin.com/in/julien-girard205
104,Damien,Dubois,damien.dubois@zenithventures.fr,05 60 79 70 42,06 14 92 34 46,Zenith Ventures,Directeur des Opérations,BTP,Lille,59,France,Site web,Opportunité en cours,2025-05-04,linkedin.com/in/damien-dubois819
105,Hugo,Bonnet,hugo.bonnet@fjordservices.fr,04 53 33 73 98,06 73 57 76 44,Fjord Services,Responsable Achats,Assurance,Toulon,83,France,Publicité en ligne,Prospect,2025-07-20,linkedin.com/in/hugo-bonnet843
106,Marie,Blanc,marie.blanc@prismadigital.fr,01 51 94 47 49,06 67 87 64 31,Prisma Digital,Business Developer,Éducation,Toulouse,31,France,Partenaire,Prospect,2025-12-28,linkedin.com/in/marie-blanc934
107,Jules,Nicolas,jules.nicolas@novaragroup.fr,01 95 91 61 56,06 75 96 30 13,Novara Group,Responsable Marketing,BTP,Lyon,69,France,Prospection sortante,Client actif,2025-01-05,linkedin.com/in/jules-nicolas69
108,Lucas,Barbier,lucas.barbier@kairosdigital.fr,04 82 14 87 29,06 96 67 57 57,Kairos Digital,Business Developer,Tourisme,Reims,51,France,Salon professionnel,Client inactif,2025-03-17,linkedin.com/in/lucas-barbier376
109,Nathan,Morel,nathan.morel@kairosgroup.fr,01 13 33 73 76,06 59 81 25 43,Kairos Group,Consultant Senior,Assurance,Montpellier,34,France,Partenaire,Lead qualifié,2025-10-10,linkedin.com/in/nathan-morel711
110,Benjamin,Garnier,benjamin.garnier@alpinetechnologies.fr,07 19 67 32 66,06 21 97 50 95,Alpine Technologies,Directeur des Opérations,Assurance,Nice,06,France,Salon professionnel,Client inactif,2025-09-10,linkedin.com/in/benjamin-garnier913
111,Louis,Simon,louis.simon@ombrainternational.fr,07 56 75 38 25,06 35 27 40 73,Ombra International,Directeur Général,Éducation,Nantes,44,France,Webinar,Client inactif,2025-06-15,linkedin.com/in/louis-simon823
112,Alexandre,Leroy,alexandre.leroy@arionventures.fr,01 49 60 71 77,06 62 62 83 19,Arion Ventures,Responsable Marketing,Éducation,Marseille,13,France,Salon professionnel,Client actif,2025-08-22,linkedin.com/in/alexandre-leroy530
113,Jules,Leroy,jules.leroy@fjorddynamics.fr,06 85 33 26 65,06 74 17 25 76,Fjord Dynamics,Responsable Marketing,Retail,Angers,49,France,Recommandation,Lead qualifié,2025-06-23,linkedin.com/in/jules-leroy231
114,Jules,Rousseau,jules.rousseau@fjordgroup.fr,03 35 91 80 45,06 26 90 48 88,Fjord Group,Directeur Technique,Finance,Marseille,13,France,Webinar,Lead qualifié,2025-10-19,linkedin.com/in/jules-rousseau158
115,Julie,Mathieu,julie.mathieu@arioninternational.fr,03 82 15 13 20,06 15 92 83 43,Arion International,Responsable IT,Tourisme,Villeurbanne,69,France,Prospection sortante,Client actif,2025-10-21,linkedin.com/in/julie-mathieu32
116,Nicolas,Perrin,nicolas.perrin@nexagroup.fr,04 41 97 61 48,06 68 19 98 17,Nexa Group,Directeur Financier,Transport,Lille,59,France,Publicité en ligne,Client actif,2025-08-07,linkedin.com/in/nicolas-perrin349
117,Kevin,Moreau,kevin.moreau@zenithdynamics.fr,06 54 61 26 57,06 75 81 23 50,Zenith Dynamics,Ingénieur,Transport,Rennes,35,France,Salon professionnel,Opportunité en cours,2025-08-08,linkedin.com/in/kevin-moreau145
118,Inès,Thomas,ines.thomas@prismaservices.fr,04 41 30 51 83,06 50 34 30 73,Prisma Services,Responsable Qualité,Transport,Villeurbanne,69,France,Partenaire,Opportunité en cours,2025-08-01,linkedin.com/in/ines-thomas93
119,Nathan,Faure,nathan.faure@quantisindustries.fr,05 55 16 16 46,06 73 86 93 96,Quantis Industries,Product Manager,Retail,Strasbourg,67,France,Webinar,Prospect,2025-02-14,linkedin.com/in/nathan-faure138
120,Damien,Bertrand,damien.bertrand@halodigital.fr,03 15 61 16 82,06 81 34 56 80,Halo Digital,Responsable RH,Finance,Le Havre,76,France,Publicité en ligne,Client inactif,2025-08-25,linkedin.com/in/damien-bertrand564
121,Léo,Nicolas,leo.nicolas@solsticeinnovations.fr,02 22 60 57 53,06 81 56 28 35,Solstice Innovations,Responsable Logistique,Énergie,Toulouse,31,France,Publicité en ligne,Client inactif,2025-01-02,linkedin.com/in/leo-nicolas40
122,Louise,Dumont,louise.dumont@zenithlabs.fr,05 68 29 87 75,06 27 51 88 50,Zenith Labs,Directeur Financier,Immobilier,Grenoble,38,France,Prospection sortante,Opportunité en cours,2025-10-11,linkedin.com/in/louise-dumont520
123,Sébastien,Faure,sebastien.faure@nexasystems.fr,03 70 12 57 52,06 96 24 63 84,Nexa Systems,Responsable RH,Tourisme,Nîmes,30,France,Site web,Client inactif,2025-08-09,linkedin.com/in/sebastien-faure991
124,Claire,Barbier,claire.barbier@vividinnovations.fr,06 16 84 71 31,06 77 90 89 58,Vivid Innovations,Responsable Marketing,BTP,Montpellier,34,France,LinkedIn,Prospect,2025-10-23,linkedin.com/in/claire-barbier113
125,Léna,Bernard,lena.bernard@quantisdigital.fr,02 62 98 36 62,06 74 88 70 17,Quantis Digital,Responsable Marketing,Énergie,Saint-Étienne,42,France,LinkedIn,Client inactif,2025-06-22,linkedin.com/in/lena-bernard490
126,Pierre,Mercier,pierre.mercier@zenithconsulting.fr,05 53 79 55 96,06 97 92 98 43,Zenith Consulting,Responsable Logistique,Transport,Toulon,83,France,LinkedIn,Lead qualifié,2025-05-18,linkedin.com/in/pierre-mercier306
127,Anna,Fournier,anna.fournier@vantagegroup.fr,06 72 50 71 54,06 81 45 46 25,Vantage Group,Chargé d'Affaires,Télécommunications,Strasbourg,67,France,Webinar,Client actif,2025-07-27,linkedin.com/in/anna-fournier354
128,Mathilde,Moreau,mathilde.moreau@prismasolutions.fr,06 20 54 66 93,06 42 71 37 35,Prisma Solutions,Directeur Technique,Retail,Lille,59,France,Webinar,Opportunité en cours,2025-03-04,linkedin.com/in/mathilde-moreau631
129,Pauline,Henry,pauline.henry@deltaindustries.fr,06 77 38 91 39,06 16 22 62 52,Delta Industries,Product Manager,Finance,Lyon,69,France,Recommandation,Prospect,2025-09-06,linkedin.com/in/pauline-henry417
130,Claire,Legrand,claire.legrand@stratuseurope.fr,07 46 51 46 92,06 17 21 93 83,Stratus Europe,Ingénieur,Énergie,Strasbourg,67,France,Site web,Lead qualifié,2025-07-27,linkedin.com/in/claire-legrand181
131,Romain,Dubois,romain.dubois@asterservices.fr,02 47 14 11 48,06 82 87 23 52,Aster Services,Responsable RH,Transport,Grenoble,38,France,Webinar,Client inactif,2025-08-05,linkedin.com/in/romain-dubois872
132,Antoine,Martinez,antoine.martinez@orbitindustries.fr,03 30 68 92 42,06 33 11 53 47,Orbit Industries,Chargé d'Affaires,Télécommunications,Toulouse,31,France,LinkedIn,Lead qualifié,2025-10-28,linkedin.com/in/antoine-martinez655
133,Florian,Dupont,florian.dupont@asterservices.fr,03 21 61 95 22,06 33 27 71 51,Aster Services,Ingénieur,Technologie,Dijon,21,France,Appel entrant,Client actif,2025-04-15,linkedin.com/in/florian-dupont772
134,Léo,Girard,leo.girard@prismainnovations.fr,01 43 93 56 98,06 40 17 95 25,Prisma Innovations,Business Developer,Retail,Nîmes,30,France,Recommandation,Client actif,2025-11-17,linkedin.com/in/leo-girard946
135,Florian,Dumont,florian.dumont@vantagegroup.fr,06 47 57 88 38,06 38 27 71 29,Vantage Group,Business Developer,Assurance,Toulouse,31,France,Prospection sortante,Opportunité en cours,2025-07-23,linkedin.com/in/florian-dumont563
136,Benjamin,Legrand,benjamin.legrand@vantagepartners.fr,07 41 97 86 20,06 77 67 77 56,Vantage Partners,Responsable Achats,Média,Strasbourg,67,France,Prospection sortante,Prospect,2025-01-27,linkedin.com/in/benjamin-legrand561
137,Florian,Faure,florian.faure@alpineinnovations.fr,02 31 51 76 66,06 24 97 36 84,Alpine Innovations,Product Manager,Finance,Angers,49,France,Webinar,Client actif,2025-01-15,linkedin.com/in/florian-faure136
138,Antoine,Lambert,antoine.lambert@quantisinnovations.fr,05 69 96 49 12,06 60 42 10 37,Quantis Innovations,Chargé d'Affaires,Finance,Lyon,69,France,Site web,Client actif,2025-06-23,linkedin.com/in/antoine-lambert66
139,Julien,Thomas,julien.thomas@elanventures.fr,04 14 46 62 33,06 27 92 92 63,Elan Ventures,Directeur des Opérations,Média,Marseille,13,France,Publicité en ligne,Client actif,2025-07-13,linkedin.com/in/julien-thomas83
140,Elodie,Mathieu,elodie.mathieu@ridgepartners.fr,06 54 25 32 78,06 60 77 26 38,Ridge Partners,Directeur Général,Tourisme,Nice,06,France,Site web,Opportunité en cours,2025-08-22,linkedin.com/in/elodie-mathieu737
141,Julien,Bonnet,julien.bonnet@nexaservices.fr,02 68 54 29 45,06 34 24 14 94,Nexa Services,Acheteur,Agroalimentaire,Montpellier,34,France,Site web,Lead qualifié,2025-04-03,linkedin.com/in/julien-bonnet104
142,Kevin,Dubois,kevin.dubois@quantisinnovations.fr,02 15 61 66 39,06 79 37 17 27,Quantis Innovations,Responsable Qualité,Retail,Lyon,69,France,LinkedIn,Client inactif,2025-06-19,linkedin.com/in/kevin-dubois613
143,Mathilde,Clement,mathilde.clement@asterdigital.fr,03 28 94 76 38,06 62 48 45 17,Aster Digital,Directeur Technique,Agroalimentaire,Montpellier,34,France,Recommandation,Client actif,2025-09-16,linkedin.com/in/mathilde-clement49
144,Jules,Morin,jules.morin@solsticeservices.fr,03 99 63 62 29,06 48 58 33 78,Solstice Services,Product Manager,Industrie,Dijon,21,France,LinkedIn,Opportunité en cours,2025-12-05,linkedin.com/in/jules-morin826
145,Mathis,Thomas,mathis.thomas@nexaservices.fr,05 77 27 59 41,06 42 36 52 92,Nexa Services,Responsable Achats,Média,Saint-Étienne,42,France,Partenaire,Opportunité en cours,2025-02-18,linkedin.com/in/mathis-thomas742
146,Sébastien,Lefebvre,sebastien.lefebvre@sudgroup.fr,06 87 87 15 19,06 34 85 95 81,Sud Group,Responsable IT,Transport,Le Havre,76,France,LinkedIn,Opportunité en cours,2025-05-01,linkedin.com/in/sebastien-lefebvre217
147,Romain,Lefebvre,romain.lefebvre@halotechnologies.fr,02 99 87 36 60,06 40 80 51 46,Halo Technologies,Responsable Communication,Transport,Grenoble,38,France,Webinar,Opportunité en cours,2025-05-09,linkedin.com/in/romain-lefebvre369
148,Antoine,Garnier,antoine.garnier@quantistechnologies.fr,07 50 36 57 50,06 62 15 82 38,Quantis Technologies,Responsable Marketing,Technologie,Grenoble,38,France,Appel entrant,Client inactif,2025-10-19,linkedin.com/in/antoine-garnier738
149,Tom,Vincent,tom.vincent@horizonindustries.fr,02 58 82 41 73,06 80 93 97 53,Horizon Industries,Consultant Senior,Tourisme,Rennes,35,France,Partenaire,Client actif,2025-08-06,linkedin.com/in/tom-vincent751
150,Marc,André,marc.andre@meridianconsulting.fr,04 33 79 92 17,06 77 14 19 95,Meridian Consulting,Directeur Commercial,Tourisme,Angers,49,France,Site web,Client actif,2025-03-27,linkedin.com/in/marc-andre646
151,Anna,Robert,anna.robert@ombraconsulting.fr,02 74 68 57 17,06 89 91 95 88,Ombra Consulting,Product Manager,Télécommunications,Paris,75,France,Partenaire,Prospect,2025-01-18,linkedin.com/in/anna-robert565
152,Tom,Martin,tom.martin@nordpartners.fr,05 46 12 74 99,06 96 65 32 23,Nord Partners,Chef de Projet,Énergie,Bordeaux,33,France,Recommandation,Lead qualifié,2025-04-20,linkedin.com/in/tom-martin540
153,Gabriel,André,gabriel.andre@orbitlabs.fr,01 57 61 68 82,06 41 99 38 48,Orbit Labs,Responsable Achats,Télécommunications,Le Havre,76,France,Site web,Prospect,2025-07-13,linkedin.com/in/gabriel-andre387
154,Alexandre,Legrand,alexandre.legrand@sudeurope.fr,06 31 20 73 65,06 92 52 82 22,Sud Europe,Responsable Qualité,Média,Paris,75,France,Site web,Lead qualifié,2025-04-28,linkedin.com/in/alexandre-legrand709
155,Damien,Muller,damien.muller@stratusgroup.fr,01 97 45 79 82,06 94 14 32 50,Stratus Group,Directeur Général,Industrie,Lyon,69,France,Prospection sortante,Lead qualifié,2025-12-27,linkedin.com/in/damien-muller408
156,Romain,Robert,romain.robert@prismaconsulting.fr,02 82 59 96 79,06 52 59 27 98,Prisma Consulting,Responsable Achats,Énergie,Nîmes,30,France,Campagne email,Prospect,2025-02-14,linkedin.com/in/romain-robert238
157,Sébastien,Robert,sebastien.robert@zenithinnovations.fr,05 60 51 13 91,06 44 67 72 39,Zenith Innovations,Directeur des Opérations,Énergie,Villeurbanne,69,France,Publicité en ligne,Client actif,2025-03-22,linkedin.com/in/sebastien-robert600
158,Laura,Mercier,laura.mercier@atlaslabs.fr,03 41 19 20 44,06 29 58 91 29,Atlas Labs,Responsable Communication,Éducation,Villeurbanne,69,France,Campagne email,Prospect,2025-02-01,linkedin.com/in/laura-mercier966
159,Louis,François,louis.francois@cobaltlabs.fr,01 26 21 33 65,06 67 81 81 75,Cobalt Labs,Acheteur,Finance,Bordeaux,33,France,Site web,Prospect,2025-06-18,linkedin.com/in/louis-francois96
160,Kevin,Roussel,kevin.roussel@cypherdigital.fr,01 47 62 59 20,06 81 41 83 76,Cypher Digital,Directeur Financier,Télécommunications,Le Havre,76,France,Publicité en ligne,Lead qualifié,2025-03-09,linkedin.com/in/kevin-roussel309
161,Léo,Garnier,leo.garnier@horizontechnologies.fr,04 45 63 48 71,06 19 56 42 41,Horizon Technologies,Product Manager,Agroalimentaire,Nantes,44,France,Prospection sortante,Lead qualifié,2025-08-04,linkedin.com/in/leo-garnier139
162,Louis,Martin,louis.martin@lumendigital.fr,04 52 66 52 65,06 93 86 27 48,Lumen Digital,Chargé de Clientèle,Agroalimentaire,Villeurbanne,69,France,LinkedIn,Client actif,2025-06-06,linkedin.com/in/louis-martin988
163,Nathan,Morel,nathan.morel@prismainternational.fr,05 41 51 58 45,06 60 56 24 82,Prisma International,Responsable IT,Agroalimentaire,Grenoble,38,France,Webinar,Lead qualifié,2025-11-25,linkedin.com/in/nathan-morel564
164,Léa,Marchand,lea.marchand@quantisinternational.fr,04 47 98 18 62,06 96 73 27 91,Quantis International,Responsable RH,Industrie,Strasbourg,67,France,Appel entrant,Lead qualifié,2025-12-14,linkedin.com/in/lea-marchand809
165,Ethan,Robert,ethan.robert@quantisinnovations.fr,05 61 78 74 98,06 63 79 14 56,Quantis Innovations,Directeur Technique,Agroalimentaire,Grenoble,38,France,Salon professionnel,Prospect,2025-04-22,linkedin.com/in/ethan-robert681
166,Jules,Simon,jules.simon@kairosinnovations.fr,05 92 96 92 61,06 52 65 23 11,Kairos Innovations,Chef de Projet,Retail,Lyon,69,France,LinkedIn,Client inactif,2025-12-17,linkedin.com/in/jules-simon572
167,Maxime,Gauthier,maxime.gauthier@vividindustries.fr,03 60 69 96 85,06 98 74 29 54,Vivid Industries,Directeur Général,Transport,Toulon,83,France,Salon professionnel,Opportunité en cours,2025-07-03,linkedin.com/in/maxime-gauthier119
168,Sébastien,Marchand,sebastien.marchand@horizondigital.fr,03 68 36 76 71,06 54 70 22 66,Horizon Digital,Business Developer,Éducation,Lille,59,France,Salon professionnel,Opportunité en cours,2025-01-26,linkedin.com/in/sebastien-marchand728
169,Jade,Bernard,jade.bernard@ridgedigital.fr,06 31 41 76 32,06 80 30 52 81,Ridge Digital,Acheteur,Transport,Toulouse,31,France,LinkedIn,Client actif,2025-11-06,linkedin.com/in/jade-bernard191
170,Sophie,Mathieu,sophie.mathieu@novaraservices.fr,06 88 35 67 85,06 64 59 10 37,Novara Services,Responsable IT,Retail,Paris,75,France,Salon professionnel,Client inactif,2025-02-26,linkedin.com/in/sophie-mathieu893
171,Julien,Laurent,julien.laurent@cobaltdigital.fr,04 24 43 95 72,06 77 91 50 86,Cobalt Digital,Responsable Communication,Agroalimentaire,Strasbourg,67,France,Publicité en ligne,Client inactif,2025-02-12,linkedin.com/in/julien-laurent361
172,Fabien,Martinez,fabien.martinez@arionconsulting.fr,05 85 20 96 27,06 50 25 40 49,Arion Consulting,Chef de Projet,Santé,Lille,59,France,Campagne email,Lead qualifié,2025-09-13,linkedin.com/in/fabien-martinez429
173,Kevin,Leroy,kevin.leroy@vividservices.fr,02 72 91 78 98,06 92 32 81 31,Vivid Services,Product Manager,Retail,Saint-Étienne,42,France,Recommandation,Lead qualifié,2025-06-27,linkedin.com/in/kevin-leroy462
174,David,Thomas,david.thomas@ridgedigital.fr,04 27 34 59 81,06 74 93 73 62,Ridge Digital,Product Manager,Immobilier,Paris,75,France,Partenaire,Client actif,2025-03-03,linkedin.com/in/david-thomas579
175,Léa,Renard,lea.renard@deltagroup.fr,03 38 78 46 31,06 68 82 73 80,Delta Group,Responsable Qualité,Finance,Lyon,69,France,Prospection sortante,Prospect,2025-05-25,linkedin.com/in/lea-renard557
176,Christophe,Lefevre,christophe.lefevre@nexadynamics.fr,07 66 79 37 64,06 23 93 41 48,Nexa Dynamics,Directeur Commercial,Transport,Lyon,69,France,Appel entrant,Opportunité en cours,2025-02-15,linkedin.com/in/christophe-lefevre887
177,Jade,Barbier,jade.barbier@cypherindustries.fr,07 85 98 54 88,06 90 64 31 88,Cypher Industries,Responsable Marketing,Tourisme,Strasbourg,67,France,LinkedIn,Lead qualifié,2025-01-19,linkedin.com/in/jade-barbier360
178,Julien,Roux,julien.roux@arionpartners.fr,03 47 47 83 44,06 75 96 22 27,Arion Partners,Acheteur,Média,Nantes,44,France,Site web,Opportunité en cours,2025-11-05,linkedin.com/in/julien-roux719
179,Guillaume,Leroy,guillaume.leroy@deltaconsulting.fr,07 41 96 60 72,06 28 83 90 44,Delta Consulting,Acheteur,Immobilier,Rennes,35,France,Partenaire,Prospect,2025-11-26,linkedin.com/in/guillaume-leroy902
180,Mathilde,Richard,mathilde.richard@lumenpartners.fr,06 57 68 72 51,06 84 10 21 68,Lumen Partners,Directeur des Opérations,BTP,Bordeaux,33,France,Salon professionnel,Client inactif,2025-07-07,linkedin.com/in/mathilde-richard992
181,Noah,Michel,noah.michel@stratusgroup.fr,07 46 53 80 83,06 26 82 72 53,Stratus Group,Directeur Commercial,Technologie,Rennes,35,France,Salon professionnel,Client actif,2025-01-04,linkedin.com/in/noah-michel952
182,Fabien,Simon,fabien.simon@quantissystems.fr,04 35 98 26 93,06 48 30 45 21,Quantis Systems,Directeur des Opérations,Retail,Paris,75,France,Salon professionnel,Opportunité en cours,2025-11-21,linkedin.com/in/fabien-simon170
183,Manon,Dupont,manon.dupont@kairosgroup.fr,04 93 21 22 10,06 37 71 19 26,Kairos Group,Chargé d'Affaires,Industrie,Montpellier,34,France,Webinar,Client actif,2025-01-01,linkedin.com/in/manon-dupont713
184,Adam,Durand,adam.durand@ridgeservices.fr,04 19 39 59 21,06 23 23 50 57,Ridge Services,Responsable RH,Santé,Nice,06,France,Publicité en ligne,Lead qualifié,2025-11-22,linkedin.com/in/adam-durand147
185,Camille,Rousseau,camille.rousseau@vividsolutions.fr,06 31 66 54 37,06 90 29 62 88,Vivid Solutions,Business Developer,BTP,Villeurbanne,69,France,LinkedIn,Prospect,2025-02-05,linkedin.com/in/camille-rousseau771
186,Jade,Henry,jade.henry@haloservices.fr,04 50 27 41 45,06 92 20 41 80,Halo Services,Responsable Logistique,Agroalimentaire,Reims,51,France,Prospection sortante,Opportunité en cours,2025-12-01,linkedin.com/in/jade-henry869
187,Fabien,Mathieu,fabien.mathieu@fjordgroup.fr,05 87 75 34 60,06 47 92 16 40,Fjord Group,Product Manager,Immobilier,Strasbourg,67,France,Salon professionnel,Lead qualifié,2025-08-21,linkedin.com/in/fabien-mathieu609
188,Camille,Rousseau,camille.rousseau@fjordsolutions.fr,03 26 59 82 63,06 56 79 97 32,Fjord Solutions,Product Manager,Tourisme,Reims,51,France,Salon professionnel,Prospect,2025-10-03,linkedin.com/in/camille-rousseau15
189,Gabriel,Michel,gabriel.michel@sudventures.fr,07 60 74 46 90,06 74 63 64 99,Sud Ventures,Responsable Communication,Finance,Lyon,69,France,Webinar,Client inactif,2025-10-05,linkedin.com/in/gabriel-michel285
190,Sarah,Fournier,sarah.fournier@atlaspartners.fr,07 29 78 51 60,06 85 91 93 97,Atlas Partners,Responsable Achats,Retail,Strasbourg,67,France,Publicité en ligne,Lead qualifié,2025-01-08,linkedin.com/in/sarah-fournier89
191,Romain,Bonnet,romain.bonnet@vertexsystems.fr,05 17 49 95 94,06 32 25 11 27,Vertex Systems,Directeur Général,Santé,Villeurbanne,69,France,Partenaire,Opportunité en cours,2025-09-17,linkedin.com/in/romain-bonnet802
192,Christophe,Marchand,christophe.marchand@orbitconsulting.fr,02 44 25 13 52,06 64 44 77 18,Orbit Consulting,Consultant Senior,Assurance,Reims,51,France,Prospection sortante,Prospect,2025-08-15,linkedin.com/in/christophe-marchand524
193,Hugo,Thomas,hugo.thomas@stratusdynamics.fr,02 57 30 42 23,06 83 96 24 39,Stratus Dynamics,Responsable Qualité,Technologie,Nîmes,30,France,Site web,Prospect,2025-04-02,linkedin.com/in/hugo-thomas484
194,Hugo,Mercier,hugo.mercier@elanconsulting.fr,07 14 80 93 63,06 38 51 41 63,Elan Consulting,Chargé de Clientèle,Retail,Nantes,44,France,Salon professionnel,Client inactif,2025-06-04,linkedin.com/in/hugo-mercier515
195,Elodie,Thomas,elodie.thomas@meridianindustries.fr,01 61 18 69 46,06 49 51 21 80,Meridian Industries,Business Developer,Technologie,Dijon,21,France,Campagne email,Lead qualifié,2025-05-19,linkedin.com/in/elodie-thomas804
196,Louis,Chevalier,louis.chevalier@arionindustries.fr,03 85 73 35 79,06 41 29 10 62,Arion Industries,Directeur Général,Industrie,Toulon,83,France,Webinar,Opportunité en cours,2025-11-27,linkedin.com/in/louis-chevalier711
197,Damien,Martin,damien.martin@zenithsolutions.fr,07 49 23 36 77,06 40 63 72 17,Zenith Solutions,Responsable Marketing,Assurance,Le Havre,76,France,Appel entrant,Prospect,2025-01-08,linkedin.com/in/damien-martin919
198,Fabien,Rousseau,fabien.rousseau@novarainternational.fr,04 20 84 22 74,06 27 91 60 19,Novara International,Chargé d'Affaires,Agroalimentaire,Reims,51,France,Site web,Client actif,2025-11-05,linkedin.com/in/fabien-rousseau243
199,Raphaël,Bertrand,raphael.bertrand@ridgedigital.fr,06 51 50 67 44,06 39 19 35 27,Ridge Digital,Chargé d'Affaires,Finance,Le Havre,76,France,Recommandation,Prospect,2025-03-15,linkedin.com/in/raphael-bertrand478
200,Arthur,Lambert,arthur.lambert@vertexpartners.fr,07 36 67 49 69,06 43 25 21 30,Vertex Partners,Responsable RH,BTP,Reims,51,France,Prospection sortante,Prospect,2025-04-27,linkedin.com/in/arthur-lambert878
201,Arthur,Moreau,arthur.moreau@atlasinternational.fr,03 60 75 16 96,06 48 43 32 13,Atlas International,Responsable Communication,BTP,Montpellier,34,France,Partenaire,Client inactif,2025-12-18,linkedin.com/in/arthur-moreau256
202,Inès,Martinez,ines.martinez@vertexlabs.fr,01 11 17 38 26,06 35 61 57 97,Vertex Labs,Responsable Achats,Agroalimentaire,Nice,06,France,Prospection sortante,Opportunité en cours,2025-02-01,linkedin.com/in/ines-martinez67
203,Léna,Morin,lena.morin@quantislabs.fr,01 52 25 15 69,06 16 31 83 65,Quantis Labs,Responsable Communication,Transport,Nice,06,France,Site web,Client actif,2025-11-14,linkedin.com/in/lena-morin177
204,Jules,Michel,jules.michel@elanconsulting.fr,03 67 29 14 88,06 89 88 41 92,Elan Consulting,Responsable RH,Transport,Bordeaux,33,France,Publicité en ligne,Client inactif,2025-08-02,linkedin.com/in/jules-michel90
205,Léo,Mercier,leo.mercier@horizonservices.fr,06 77 41 90 79,06 12 58 55 71,Horizon Services,Directeur Technique,Tourisme,Strasbourg,67,France,Partenaire,Opportunité en cours,2025-10-17,linkedin.com/in/leo-mercier330
206,Ethan,Roux,ethan.roux@meridiansolutions.fr,05 38 13 45 17,06 70 77 55 84,Meridian Solutions,Ingénieur,Santé,Rennes,35,France,Salon professionnel,Lead qualifié,2025-11-08,linkedin.com/in/ethan-roux273
207,Julien,Chevalier,julien.chevalier@sudlabs.fr,05 59 55 32 32,06 40 85 50 99,Sud Labs,Directeur des Opérations,Média,Montpellier,34,France,Prospection sortante,Prospect,2025-12-23,linkedin.com/in/julien-chevalier361
208,Vincent,Muller,vincent.muller@horizoninnovations.fr,07 73 79 49 32,06 72 14 21 17,Horizon Innovations,Ingénieur,Agroalimentaire,Strasbourg,67,France,LinkedIn,Prospect,2025-09-16,linkedin.com/in/vincent-muller1
209,Adam,Nicolas,adam.nicolas@alpinelabs.fr,03 32 51 17 12,06 28 85 28 24,Alpine Labs,Responsable Qualité,BTP,Nice,06,France,Campagne email,Prospect,2025-06-23,linkedin.com/in/adam-nicolas965
210,Laura,Dupont,laura.dupont@vividtechnologies.fr,03 51 27 30 65,06 91 72 93 50,Vivid Technologies,Directeur Financier,Assurance,Rennes,35,France,Webinar,Client inactif,2025-06-08,linkedin.com/in/laura-dupont682
211,Maxime,Laurent,maxime.laurent@lumengroup.fr,02 32 10 99 83,06 60 82 14 33,Lumen Group,Responsable Logistique,Éducation,Lille,59,France,Prospection sortante,Lead qualifié,2025-11-19,linkedin.com/in/maxime-laurent107
212,Romain,Garnier,romain.garnier@horizondigital.fr,02 54 50 31 91,06 21 95 91 52,Horizon Digital,Business Developer,Technologie,Marseille,13,France,Appel entrant,Lead qualifié,2025-04-23,linkedin.com/in/romain-garnier70
213,Jules,Bertrand,jules.bertrand@cyphertechnologies.fr,01 59 66 63 31,06 62 73 58 54,Cypher Technologies,Directeur Technique,Immobilier,Paris,75,France,Salon professionnel,Client actif,2025-10-21,linkedin.com/in/jules-bertrand777
214,Elodie,Garcia,elodie.garcia@meridiansystems.fr,07 14 47 12 50,06 43 23 19 53,Meridian Systems,Directeur Financier,Média,Marseille,13,France,Publicité en ligne,Lead qualifié,2025-12-03,linkedin.com/in/elodie-garcia561
215,Florian,Richard,florian.richard@zenithinnovations.fr,04 13 65 93 31,06 87 65 30 16,Zenith Innovations,Chef de Projet,Éducation,Villeurbanne,69,France,LinkedIn,Lead qualifié,2025-07-23,linkedin.com/in/florian-richard568
216,Charlotte,Marchand,charlotte.marchand@nexagroup.fr,03 40 22 16 60,06 83 80 72 29,Nexa Group,Directeur Commercial,Éducation,Lille,59,France,Site web,Client actif,2025-02-10,linkedin.com/in/charlotte-marchand844
217,Laura,Perrin,laura.perrin@arionsystems.fr,01 13 36 31 91,06 47 20 70 24,Arion Systems,Responsable RH,Tourisme,Strasbourg,67,France,Publicité en ligne,Client actif,2025-08-22,linkedin.com/in/laura-perrin272
218,Sarah,Morin,sarah.morin@nexaservices.fr,03 58 57 33 67,06 15 43 66 69,Nexa Services,Consultant Senior,Industrie,Nantes,44,France,Appel entrant,Client inactif,2025-01-05,linkedin.com/in/sarah-morin771
219,Céline,Mathieu,celine.mathieu@vertextechnologies.fr,07 79 62 85 39,06 80 17 59 76,Vertex Technologies,Acheteur,Énergie,Reims,51,France,Partenaire,Client inactif,2025-04-16,linkedin.com/in/celine-mathieu307
220,Sarah,Dupont,sarah.dupont@fjorddynamics.fr,05 83 76 83 96,06 89 28 25 67,Fjord Dynamics,Directeur Financier,Santé,Lyon,69,France,LinkedIn,Lead qualifié,2025-03-02,linkedin.com/in/sarah-dupont434
221,Sarah,Clement,sarah.clement@novaraindustries.fr,07 86 43 50 18,06 21 59 81 60,Novara Industries,Directeur Technique,Éducation,Nice,06,France,Appel entrant,Client inactif,2025-08-28,linkedin.com/in/sarah-clement13
222,Marc,Gauthier,marc.gauthier@arioninnovations.fr,07 63 24 63 29,06 28 82 85 84,Arion Innovations,Chef de Projet,Média,Dijon,21,France,Salon professionnel,Client inactif,2025-02-26,linkedin.com/in/marc-gauthier293
223,Guillaume,Blanc,guillaume.blanc@fjorddigital.fr,03 59 93 72 83,06 87 70 14 32,Fjord Digital,Consultant Senior,Immobilier,Saint-Étienne,42,France,Recommandation,Client inactif,2025-10-22,linkedin.com/in/guillaume-blanc711
224,Nathan,Dubois,nathan.dubois@lumenventures.fr,06 40 16 70 44,06 57 12 53 48,Lumen Ventures,Responsable RH,Retail,Rennes,35,France,Partenaire,Prospect,2025-04-05,linkedin.com/in/nathan-dubois308
225,Pauline,François,pauline.francois@vantagedynamics.fr,03 63 87 92 21,06 34 66 37 62,Vantage Dynamics,Product Manager,Tourisme,Rennes,35,France,Webinar,Opportunité en cours,2025-01-17,linkedin.com/in/pauline-francois811
226,Julie,Robert,julie.robert@prismainternational.fr,04 27 77 82 13,06 32 34 35 17,Prisma International,Ingénieur,Technologie,Dijon,21,France,Partenaire,Prospect,2025-06-23,linkedin.com/in/julie-robert204
227,Léo,Lefevre,leo.lefevre@astersystems.fr,04 91 25 97 13,06 40 57 72 86,Aster Systems,Business Developer,Santé,Dijon,21,France,Partenaire,Client inactif,2025-09-12,linkedin.com/in/leo-lefevre353
228,Julie,Bertrand,julie.bertrand@halodynamics.fr,03 13 59 16 30,06 83 37 38 92,Halo Dynamics,Ingénieur,Télécommunications,Marseille,13,France,LinkedIn,Opportunité en cours,2025-11-14,linkedin.com/in/julie-bertrand526
229,Léa,Barbier,lea.barbier@vantageeurope.fr,04 26 92 32 86,06 11 38 42 87,Vantage Europe,Responsable RH,Assurance,Paris,75,France,Appel entrant,Client actif,2025-07-28,linkedin.com/in/lea-barbier358
230,Mathis,Bertrand,mathis.bertrand@alpinesystems.fr,06 76 89 60 84,06 23 10 75 94,Alpine Systems,Directeur des Opérations,Énergie,Lille,59,France,Prospection sortante,Client inactif,2025-05-10,linkedin.com/in/mathis-bertrand701
231,Inès,Legrand,ines.legrand@atlasdigital.fr,06 51 45 43 93,06 93 48 34 29,Atlas Digital,Responsable Qualité,Tourisme,Bordeaux,33,France,LinkedIn,Prospect,2025-10-13,linkedin.com/in/ines-legrand677
232,Arthur,Clement,arthur.clement@horizoninternational.fr,06 73 47 43 63,06 61 59 14 84,Horizon International,Chargé d'Affaires,BTP,Paris,75,France,LinkedIn,Opportunité en cours,2025-12-23,linkedin.com/in/arthur-clement228
233,Elodie,Blanc,elodie.blanc@kairoslabs.fr,06 55 74 48 31,06 94 81 33 47,Kairos Labs,Chef de Projet,Transport,Grenoble,38,France,Recommandation,Opportunité en cours,2025-12-26,linkedin.com/in/elodie-blanc573
234,Amandine,Laurent,amandine.laurent@solsticeventures.fr,06 21 38 55 38,06 49 63 52 57,Solstice Ventures,Consultant Senior,Agroalimentaire,Rennes,35,France,Appel entrant,Client actif,2025-02-16,linkedin.com/in/amandine-laurent55
235,Guillaume,Perrin,guillaume.perrin@vividinnovations.fr,01 70 34 74 25,06 97 58 77 48,Vivid Innovations,Acheteur,Technologie,Villeurbanne,69,France,Recommandation,Lead qualifié,2025-04-11,linkedin.com/in/guillaume-perrin420
236,Vincent,Martinez,vincent.martinez@horizondigital.fr,07 20 72 52 90,06 32 50 91 17,Horizon Digital,Directeur Général,Transport,Nantes,44,France,Appel entrant,Lead qualifié,2025-03-19,linkedin.com/in/vincent-martinez783
237,Julie,Garnier,julie.garnier@cypherlabs.fr,02 88 65 91 64,06 61 64 71 59,Cypher Labs,Directeur Général,Technologie,Marseille,13,France,Webinar,Lead qualifié,2025-12-12,linkedin.com/in/julie-garnier973
238,Emma,Morel,emma.morel@vantagedynamics.fr,02 12 96 10 90,06 41 38 98 54,Vantage Dynamics,Responsable RH,Santé,Dijon,21,France,Salon professionnel,Client actif,2025-09-19,linkedin.com/in/emma-morel314
239,Julie,Robert,julie.robert@astersolutions.fr,03 68 76 86 77,06 53 65 97 27,Aster Solutions,Chargé de Clientèle,Média,Lille,59,France,Partenaire,Opportunité en cours,2025-04-06,linkedin.com/in/julie-robert971
240,Benjamin,Dupont,benjamin.dupont@nordindustries.fr,06 26 37 12 85,06 74 31 25 56,Nord Industries,Directeur Commercial,Immobilier,Montpellier,34,France,Appel entrant,Client inactif,2025-10-02,linkedin.com/in/benjamin-dupont609
241,Manon,Mathieu,manon.mathieu@vertexeurope.fr,01 98 24 63 66,06 58 25 80 42,Vertex Europe,Product Manager,Assurance,Paris,75,France,Recommandation,Lead qualifié,2025-12-22,linkedin.com/in/manon-mathieu646
242,Emma,Fournier,emma.fournier@novaraeurope.fr,06 76 44 89 87,06 99 27 63 23,Novara Europe,Responsable Qualité,Assurance,Toulouse,31,France,Prospection sortante,Prospect,2025-05-04,linkedin.com/in/emma-fournier804
243,Inès,Garnier,ines.garnier@alpineinnovations.fr,07 43 76 35 55,06 62 47 30 15,Alpine Innovations,Directeur Technique,Transport,Strasbourg,67,France,LinkedIn,Client actif,2025-06-08,linkedin.com/in/ines-garnier3
244,Emma,Mathieu,emma.mathieu@atlasventures.fr,07 83 95 73 29,06 21 75 19 22,Atlas Ventures,Consultant Senior,Télécommunications,Toulouse,31,France,LinkedIn,Client actif,2025-05-09,linkedin.com/in/emma-mathieu476
245,Manon,Petit,manon.petit@asterconsulting.fr,07 47 56 96 50,06 64 24 22 15,Aster Consulting,Directeur Général,BTP,Lyon,69,France,Recommandation,Lead qualifié,2025-06-12,linkedin.com/in/manon-petit916
246,Sacha,Nicolas,sacha.nicolas@orbitventures.fr,03 53 33 24 61,06 61 68 44 59,Orbit Ventures,Product Manager,Tourisme,Marseille,13,France,Publicité en ligne,Lead qualifié,2025-02-05,linkedin.com/in/sacha-nicolas713
247,Charlotte,Thomas,charlotte.thomas@ridgeconsulting.fr,04 85 71 82 96,06 66 33 88 58,Ridge Consulting,Directeur des Opérations,Agroalimentaire,Toulouse,31,France,Site web,Lead qualifié,2025-08-16,linkedin.com/in/charlotte-thomas116
248,Damien,Lambert,damien.lambert@quantissolutions.fr,03 93 50 11 96,06 77 83 82 38,Quantis Solutions,Chargé de Clientèle,Énergie,Marseille,13,France,Webinar,Client inactif,2025-02-14,linkedin.com/in/damien-lambert678
249,Charlotte,David,charlotte.david@stratusdigital.fr,02 81 88 16 11,06 92 30 74 70,Stratus Digital,Product Manager,BTP,Le Havre,76,France,Recommandation,Prospect,2025-08-11,linkedin.com/in/charlotte-david247
250,Adam,Roux,adam.roux@sudpartners.fr,05 92 58 61 40,06 20 68 66 83,Sud Partners,Business Developer,Finance,Montpellier,34,France,Partenaire,Client actif,2025-06-04,linkedin.com/in/adam-roux510
251,Pauline,Morin,pauline.morin@nordtechnologies.fr,04 14 81 80 10,06 21 87 89 91,Nord Technologies,Responsable RH,Média,Le Havre,76,France,Webinar,Client inactif,2025-04-21,linkedin.com/in/pauline-morin688
252,Mathis,Girard,mathis.girard@cobaltdynamics.fr,07 38 68 52 81,06 89 86 70 94,Cobalt Dynamics,Directeur des Opérations,Assurance,Lyon,69,France,Partenaire,Prospect,2025-02-25,linkedin.com/in/mathis-girard675
253,Anna,Martin,anna.martin@zenithdigital.fr,05 76 57 99 23,06 15 31 73 27,Zenith Digital,Acheteur,Finance,Lille,59,France,Appel entrant,Client inactif,2025-04-07,linkedin.com/in/anna-martin124
254,Romain,Dupont,romain.dupont@alpinesystems.fr,06 53 23 63 15,06 91 96 85 25,Alpine Systems,Business Developer,Transport,Strasbourg,67,France,Prospection sortante,Client inactif,2025-03-16,linkedin.com/in/romain-dupont5
255,Pierre,Chevalier,pierre.chevalier@sudpartners.fr,07 84 71 75 32,06 98 84 32 26,Sud Partners,Chef de Projet,Immobilier,Saint-Étienne,42,France,Prospection sortante,Client inactif,2025-06-17,linkedin.com/in/pierre-chevalier903
256,Ethan,Lambert,ethan.lambert@arionventures.fr,03 60 53 47 67,06 27 27 62 87,Arion Ventures,Responsable Qualité,Retail,Montpellier,34,France,Webinar,Opportunité en cours,2025-12-24,linkedin.com/in/ethan-lambert958
257,Alexandre,Perrin,alexandre.perrin@alpineindustries.fr,05 47 97 54 96,06 26 93 32 74,Alpine Industries,Directeur Technique,Assurance,Strasbourg,67,France,Campagne email,Prospect,2025-06-18,linkedin.com/in/alexandre-perrin492
258,Maxime,Muller,maxime.muller@solsticeinternational.fr,06 78 46 64 11,06 76 23 13 58,Solstice International,Responsable Marketing,Technologie,Saint-Étienne,42,France,Site web,Lead qualifié,2025-05-25,linkedin.com/in/maxime-muller805
259,Julie,Vincent,julie.vincent@solsticegroup.fr,07 17 98 47 36,06 79 14 55 67,Solstice Group,Chef de Projet,Agroalimentaire,Nice,06,France,Webinar,Lead qualifié,2025-12-21,linkedin.com/in/julie-vincent575
260,Ethan,David,ethan.david@pulselabs.fr,06 95 16 58 59,06 63 97 50 80,Pulse Labs,Directeur Commercial,Technologie,Lille,59,France,Appel entrant,Lead qualifié,2025-10-28,linkedin.com/in/ethan-david800
261,Guillaume,François,guillaume.francois@asterindustries.fr,07 85 79 87 35,06 34 47 67 32,Aster Industries,Responsable Achats,Santé,Reims,51,France,Recommandation,Client inactif,2025-02-13,linkedin.com/in/guillaume-francois42
262,Noah,Roux,noah.roux@nexagroup.fr,02 84 42 10 52,06 69 29 15 29,Nexa Group,Chargé de Clientèle,Agroalimentaire,Nice,06,France,Site web,Client inactif,2025-11-10,linkedin.com/in/noah-roux503
263,Marc,Muller,marc.muller@nexadigital.fr,07 50 77 38 33,06 76 18 74 30,Nexa Digital,Acheteur,Énergie,Marseille,13,France,Webinar,Client actif,2025-02-12,linkedin.com/in/marc-muller227
264,Damien,Michel,damien.michel@solsticedigital.fr,03 47 37 89 77,06 70 81 93 11,Solstice Digital,Chef de Projet,Télécommunications,Rennes,35,France,Campagne email,Client actif,2025-04-21,linkedin.com/in/damien-michel629
265,Benjamin,Nicolas,benjamin.nicolas@deltasolutions.fr,04 24 59 42 79,06 46 13 76 57,Delta Solutions,Responsable Qualité,Tourisme,Rennes,35,France,Webinar,Client actif,2025-08-02,linkedin.com/in/benjamin-nicolas304
266,Florian,Morin,florian.morin@alpinedigital.fr,01 22 31 78 78,06 10 90 18 36,Alpine Digital,Responsable IT,BTP,Dijon,21,France,Publicité en ligne,Prospect,2025-04-18,linkedin.com/in/florian-morin849
267,Céline,Chevalier,celine.chevalier@vantageservices.fr,06 97 29 13 68,06 52 14 21 19,Vantage Services,Directeur Commercial,Santé,Marseille,13,France,Appel entrant,Client inactif,2025-02-19,linkedin.com/in/celine-chevalier842
268,Anna,Bertrand,anna.bertrand@novaraservices.fr,06 61 65 50 12,06 59 96 25 78,Novara Services,Directeur Général,Télécommunications,Toulon,83,France,Prospection sortante,Prospect,2025-12-19,linkedin.com/in/anna-bertrand47
269,Céline,Robert,celine.robert@cobaltventures.fr,01 47 97 48 87,06 21 46 66 58,Cobalt Ventures,Responsable Communication,BTP,Dijon,21,France,Site web,Client actif,2025-03-18,linkedin.com/in/celine-robert226
270,Louise,Chevalier,louise.chevalier@lumenlabs.fr,03 91 28 48 96,06 92 57 11 80,Lumen Labs,Directeur Technique,Santé,Angers,49,France,Salon professionnel,Prospect,2025-01-19,linkedin.com/in/louise-chevalier611
271,Nathan,Blanc,nathan.blanc@nexatechnologies.fr,02 54 37 62 92,06 75 28 30 33,Nexa Technologies,Ingénieur,Agroalimentaire,Lille,59,France,Appel entrant,Lead qualifié,2025-02-06,linkedin.com/in/nathan-blanc688
272,Olivier,Muller,olivier.muller@ridgesolutions.fr,04 92 80 19 47,06 95 18 42 22,Ridge Solutions,Responsable IT,Assurance,Angers,49,France,Prospection sortante,Client actif,2025-06-12,linkedin.com/in/olivier-muller132
273,Laura,Morin,laura.morin@deltatechnologies.fr,05 18 34 50 72,06 67 52 88 94,Delta Technologies,Responsable RH,Assurance,Lille,59,France,Prospection sortante,Lead qualifié,2025-10-19,linkedin.com/in/laura-morin374
274,Olivier,Morel,olivier.morel@novaraconsulting.fr,03 41 38 92 65,06 45 56 27 96,Novara Consulting,Chargé de Clientèle,Média,Paris,75,France,Partenaire,Client actif,2025-08-12,linkedin.com/in/olivier-morel794
275,Louis,Garnier,louis.garnier@nexatechnologies.fr,06 87 20 45 27,06 78 35 43 90,Nexa Technologies,Responsable Achats,Assurance,Nantes,44,France,Salon professionnel,Prospect,2025-09-21,linkedin.com/in/louis-garnier32
276,Christophe,Henry,christophe.henry@vividservices.fr,02 14 80 43 79,06 79 70 93 29,Vivid Services,Directeur des Opérations,Immobilier,Nîmes,30,France,LinkedIn,Client inactif,2025-12-28,linkedin.com/in/christophe-henry298
277,Louise,Martinez,louise.martinez@pulsepartners.fr,04 56 74 11 94,06 40 88 97 31,Pulse Partners,Responsable Qualité,Santé,Marseille,13,France,Partenaire,Lead qualifié,2025-03-19,linkedin.com/in/louise-martinez972
278,Vincent,Mathieu,vincent.mathieu@ridgeconsulting.fr,03 15 38 72 39,06 18 43 57 39,Ridge Consulting,Directeur Commercial,Télécommunications,Grenoble,38,France,LinkedIn,Client inactif,2025-06-13,linkedin.com/in/vincent-mathieu481
279,Benjamin,Martinez,benjamin.martinez@fjordsolutions.fr,06 51 23 76 91,06 45 43 84 79,Fjord Solutions,Chargé d'Affaires,Santé,Lyon,69,France,Publicité en ligne,Client actif,2025-06-19,linkedin.com/in/benjamin-martinez670
280,Florian,Robert,florian.robert@pulsegroup.fr,02 76 61 55 54,06 72 71 87 10,Pulse Group,Responsable Qualité,Média,Le Havre,76,France,Recommandation,Client actif,2025-03-08,linkedin.com/in/florian-robert79
281,Antoine,Morin,antoine.morin@orbitindustries.fr,02 30 56 87 25,06 94 39 63 52,Orbit Industries,Chef de Projet,Transport,Nice,06,France,Partenaire,Client actif,2025-04-19,linkedin.com/in/antoine-morin166
282,Claire,Lambert,claire.lambert@nordindustries.fr,02 83 85 30 27,06 90 75 15 83,Nord Industries,Responsable Marketing,Technologie,Lyon,69,France,Recommandation,Opportunité en cours,2025-03-17,linkedin.com/in/claire-lambert982
283,Nathan,Roussel,nathan.roussel@vivideurope.fr,06 94 46 20 37,06 67 87 70 71,Vivid Europe,Directeur Financier,Industrie,Paris,75,France,Publicité en ligne,Client inactif,2025-03-26,linkedin.com/in/nathan-roussel597
284,Christophe,Barbier,christophe.barbier@meridianinnovations.fr,03 31 97 53 68,06 86 85 18 39,Meridian Innovations,Responsable Communication,Immobilier,Dijon,21,France,Recommandation,Prospect,2025-01-07,linkedin.com/in/christophe-barbier536
285,Guillaume,Faure,guillaume.faure@solsticeservices.fr,05 22 32 70 88,06 86 14 78 74,Solstice Services,Chef de Projet,Finance,Nice,06,France,Partenaire,Lead qualifié,2025-10-18,linkedin.com/in/guillaume-faure848
286,Emma,Barbier,emma.barbier@solsticeeurope.fr,05 63 57 15 99,06 77 64 39 71,Solstice Europe,Responsable Communication,Éducation,Saint-Étienne,42,France,Prospection sortante,Client inactif,2025-02-14,linkedin.com/in/emma-barbier138
287,Gabriel,Legrand,gabriel.legrand@vantageindustries.fr,03 86 79 62 42,06 34 10 10 83,Vantage Industries,Responsable Qualité,Finance,Marseille,13,France,Webinar,Prospect,2025-07-21,linkedin.com/in/gabriel-legrand211
288,Céline,Morel,celine.morel@novaradigital.fr,02 64 93 84 42,06 43 78 64 82,Novara Digital,Directeur des Opérations,Agroalimentaire,Toulouse,31,France,Appel entrant,Client actif,2025-04-14,linkedin.com/in/celine-morel566
289,Marc,Guerin,marc.guerin@stratusconsulting.fr,05 81 71 42 49,06 83 54 60 27,Stratus Consulting,Chef de Projet,Assurance,Reims,51,France,LinkedIn,Client actif,2025-12-06,linkedin.com/in/marc-guerin103
290,Zoé,Faure,zoe.faure@lumenlabs.fr,07 80 88 99 97,06 16 30 59 91,Lumen Labs,Directeur Général,Tourisme,Rennes,35,France,Salon professionnel,Lead qualifié,2025-08-20,linkedin.com/in/zoe-faure446
291,Sarah,Robert,sarah.robert@orbitindustries.fr,01 87 14 59 61,06 88 93 76 46,Orbit Industries,Responsable Logistique,Technologie,Reims,51,France,Recommandation,Client actif,2025-08-01,linkedin.com/in/sarah-robert207
292,Fabien,Mathieu,fabien.mathieu@elanlabs.fr,03 34 14 86 75,06 76 99 39 88,Elan Labs,Directeur Financier,Télécommunications,Dijon,21,France,Site web,Opportunité en cours,2025-04-21,linkedin.com/in/fabien-mathieu1
293,Julie,Richard,julie.richard@orbitlabs.fr,03 95 60 61 85,06 35 76 11 18,Orbit Labs,Responsable Achats,Énergie,Le Havre,76,France,Appel entrant,Client inactif,2025-10-12,linkedin.com/in/julie-richard356
294,Christophe,Roux,christophe.roux@deltainnovations.fr,04 61 83 10 43,06 32 62 74 23,Delta Innovations,Directeur Technique,Finance,Strasbourg,67,France,Webinar,Opportunité en cours,2025-06-04,linkedin.com/in/christophe-roux823
295,Antoine,Bertrand,antoine.bertrand@fjordpartners.fr,03 98 66 58 82,06 71 41 53 68,Fjord Partners,Business Developer,Média,Nîmes,30,France,Prospection sortante,Prospect,2025-08-04,linkedin.com/in/antoine-bertrand265
296,Camille,Mercier,camille.mercier@kairoslabs.fr,06 99 39 50 62,06 55 76 78 11,Kairos Labs,Consultant Senior,Industrie,Montpellier,34,France,Appel entrant,Prospect,2025-07-22,linkedin.com/in/camille-mercier767
297,Christophe,Girard,christophe.girard@atlaspartners.fr,04 50 55 37 83,06 44 33 97 34,Atlas Partners,Product Manager,Assurance,Nantes,44,France,LinkedIn,Lead qualifié,2025-12-08,linkedin.com/in/christophe-girard894
298,Gabriel,Michel,gabriel.michel@deltaindustries.fr,07 89 55 29 23,06 25 20 96 94,Delta Industries,Product Manager,Agroalimentaire,Montpellier,34,France,Site web,Client inactif,2025-01-28,linkedin.com/in/gabriel-michel494
299,Hugo,Nicolas,hugo.nicolas@zenithsystems.fr,07 45 72 33 75,06 45 60 38 83,Zenith Systems,Responsable Marketing,Technologie,Nîmes,30,France,Webinar,Client actif,2025-08-18,linkedin.com/in/hugo-nicolas34
300,Antoine,André,antoine.andre@lumendynamics.fr,04 25 99 76 68,06 50 98 11 11,Lumen Dynamics,Responsable IT,Immobilier,Nantes,44,France,Prospection sortante,Prospect,2025-06-12,linkedin.com/in/antoine-andre628
301,Guillaume,Bertrand,guillaume.bertrand@meridianpartners.fr,02 44 70 88 53,06 56 33 73 64,Meridian Partners,Responsable IT,Immobilier,Bordeaux,33,France,Campagne email,Opportunité en cours,2025-07-09,linkedin.com/in/guillaume-bertrand462
302,Marie,Muller,marie.muller@horizoninnovations.fr,07 22 44 40 81,06 65 58 35 28,Horizon Innovations,Responsable Marketing,Transport,Montpellier,34,France,Site web,Lead qualifié,2025-07-16,linkedin.com/in/marie-muller138
303,Florian,Perrin,florian.perrin@pulsepartners.fr,07 72 48 42 81,06 82 16 60 22,Pulse Partners,Directeur Financier,Technologie,Rennes,35,France,LinkedIn,Opportunité en cours,2025-08-27,linkedin.com/in/florian-perrin645
304,Inès,François,ines.francois@halodigital.fr,03 56 81 81 42,06 54 12 62 25,Halo Digital,Directeur des Opérations,BTP,Bordeaux,33,France,Prospection sortante,Lead qualifié,2025-10-19,linkedin.com/in/ines-francois666
305,Claire,Blanc,claire.blanc@meridianlabs.fr,03 51 96 75 72,06 67 20 58 88,Meridian Labs,Responsable RH,Transport,Lille,59,France,Recommandation,Lead qualifié,2025-11-26,linkedin.com/in/claire-blanc951
306,Adam,Lambert,adam.lambert@kairosinnovations.fr,04 19 20 30 53,06 39 50 50 93,Kairos Innovations,Responsable RH,Assurance,Nîmes,30,France,Appel entrant,Client inactif,2025-11-13,linkedin.com/in/adam-lambert278
307,Damien,François,damien.francois@vantagedynamics.fr,06 85 76 67 62,06 31 33 12 26,Vantage Dynamics,Ingénieur,Télécommunications,Reims,51,France,Appel entrant,Prospect,2025-04-06,linkedin.com/in/damien-francois407
308,Inès,Petit,ines.petit@atlasventures.fr,05 16 13 60 77,06 20 23 43 89,Atlas Ventures,Responsable Marketing,Finance,Grenoble,38,France,Publicité en ligne,Opportunité en cours,2025-04-08,linkedin.com/in/ines-petit756
309,Raphaël,François,raphael.francois@kairosconsulting.fr,05 31 13 14 94,06 55 51 70 69,Kairos Consulting,Directeur Technique,Média,Nice,06,France,Appel entrant,Client inactif,2025-08-05,linkedin.com/in/raphael-francois993
310,Céline,Blanc,celine.blanc@meridianinnovations.fr,04 90 91 82 65,06 77 91 91 78,Meridian Innovations,Responsable RH,Média,Villeurbanne,69,France,Campagne email,Client actif,2025-09-08,linkedin.com/in/celine-blanc825
311,Sarah,François,sarah.francois@prismadigital.fr,03 29 48 11 10,06 76 27 54 46,Prisma Digital,Product Manager,Énergie,Saint-Étienne,42,France,Site web,Client actif,2025-08-10,linkedin.com/in/sarah-francois10
312,Mathilde,Bonnet,mathilde.bonnet@cyphergroup.fr,02 10 80 57 34,06 62 81 65 60,Cypher Group,Ingénieur,Santé,Villeurbanne,69,France,Publicité en ligne,Client actif,2025-04-09,linkedin.com/in/mathilde-bonnet82
313,Noah,Perrin,noah.perrin@deltapartners.fr,07 98 97 44 46,06 93 78 44 62,Delta Partners,Responsable IT,BTP,Villeurbanne,69,France,Salon professionnel,Lead qualifié,2025-03-10,linkedin.com/in/noah-perrin114
314,Sophie,Martinez,sophie.martinez@arionsystems.fr,06 89 72 34 51,06 12 29 16 78,Arion Systems,Directeur Général,Santé,Bordeaux,33,France,Salon professionnel,Opportunité en cours,2025-05-05,linkedin.com/in/sophie-martinez733
315,Sacha,Marchand,sacha.marchand@nordindustries.fr,02 11 73 37 53,06 63 49 73 57,Nord Industries,Business Developer,Assurance,Marseille,13,France,Site web,Opportunité en cours,2025-02-27,linkedin.com/in/sacha-marchand769
316,Alice,Thomas,alice.thomas@orbitlabs.fr,01 79 70 33 34,06 42 58 11 25,Orbit Labs,Ingénieur,Immobilier,Le Havre,76,France,Partenaire,Lead qualifié,2025-12-02,linkedin.com/in/alice-thomas204
317,Mathis,Chevalier,mathis.chevalier@vantagetechnologies.fr,06 36 70 59 97,06 49 51 30 90,Vantage Technologies,Directeur Commercial,Assurance,Dijon,21,France,Webinar,Client inactif,2025-02-09,linkedin.com/in/mathis-chevalier493
318,Sophie,Fournier,sophie.fournier@alpinedigital.fr,07 95 37 24 40,06 91 65 51 11,Alpine Digital,Directeur Financier,Tourisme,Lyon,69,France,Appel entrant,Client inactif,2025-02-13,linkedin.com/in/sophie-fournier809
319,Lucas,Martin,lucas.martin@sudinnovations.fr,06 86 29 57 21,06 41 30 73 21,Sud Innovations,Responsable Logistique,Éducation,Grenoble,38,France,Site web,Prospect,2025-06-21,linkedin.com/in/lucas-martin158
320,Céline,Blanc,celine.blanc@cyphertechnologies.fr,04 39 50 81 92,06 54 66 34 12,Cypher Technologies,Responsable Communication,Éducation,Nice,06,France,Recommandation,Opportunité en cours,2025-01-16,linkedin.com/in/celine-blanc724
321,Sacha,Guerin,sacha.guerin@prismapartners.fr,02 82 33 79 54,06 51 69 45 86,Prisma Partners,Directeur Technique,Santé,Grenoble,38,France,Salon professionnel,Client inactif,2025-03-15,linkedin.com/in/sacha-guerin303
322,Christophe,Bertrand,christophe.bertrand@nexadigital.fr,01 91 74 58 33,06 12 89 56 89,Nexa Digital,Ingénieur,Éducation,Toulon,83,France,Salon professionnel,Client inactif,2025-07-07,linkedin.com/in/christophe-bertrand537
323,Elodie,Garnier,elodie.garnier@vantagepartners.fr,05 46 51 62 92,06 51 24 22 76,Vantage Partners,Responsable Achats,Technologie,Nice,06,France,Recommandation,Lead qualifié,2025-01-07,linkedin.com/in/elodie-garnier110
324,Nicolas,Lefebvre,nicolas.lefebvre@vertexsolutions.fr,06 59 94 72 77,06 89 99 85 42,Vertex Solutions,Directeur Commercial,Éducation,Nîmes,30,France,LinkedIn,Client inactif,2025-12-03,linkedin.com/in/nicolas-lefebvre14
325,Romain,Michel,romain.michel@kairossystems.fr,04 91 17 56 81,06 63 57 17 88,Kairos Systems,Consultant Senior,Énergie,Marseille,13,France,Site web,Prospect,2025-05-03,linkedin.com/in/romain-michel968
326,Zoé,Rousseau,zoe.rousseau@vertextechnologies.fr,05 59 34 34 77,06 94 41 82 90,Vertex Technologies,Directeur Financier,Énergie,Montpellier,34,France,Webinar,Client actif,2025-12-04,linkedin.com/in/zoe-rousseau785
327,Sophie,Muller,sophie.muller@cobalteurope.fr,06 95 64 23 31,06 33 80 61 74,Cobalt Europe,Chargé de Clientèle,Télécommunications,Toulon,83,France,Recommandation,Client inactif,2025-10-15,linkedin.com/in/sophie-muller956
328,Jules,Morel,jules.morel@nexadigital.fr,04 91 65 51 87,06 40 82 79 37,Nexa Digital,Responsable Communication,Tourisme,Reims,51,France,Webinar,Opportunité en cours,2025-06-15,linkedin.com/in/jules-morel459
329,Nathan,Martin,nathan.martin@halosolutions.fr,05 12 76 27 48,06 10 48 38 37,Halo Solutions,Chargé de Clientèle,Technologie,Lille,59,France,Appel entrant,Client inactif,2025-09-18,linkedin.com/in/nathan-martin585
330,Romain,Muller,romain.muller@horizontechnologies.fr,04 55 29 27 43,06 56 84 41 39,Horizon Technologies,Consultant Senior,Tourisme,Lyon,69,France,Appel entrant,Prospect,2025-10-13,linkedin.com/in/romain-muller583
331,Benjamin,Michel,benjamin.michel@halotechnologies.fr,07 71 32 72 98,06 99 83 22 86,Halo Technologies,Responsable RH,Technologie,Rennes,35,France,Prospection sortante,Client actif,2025-02-25,linkedin.com/in/benjamin-michel58
332,Benjamin,Barbier,benjamin.barbier@zenithdigital.fr,04 25 39 93 87,06 11 91 90 58,Zenith Digital,Directeur Commercial,Retail,Saint-Étienne,42,France,Webinar,Prospect,2025-06-18,linkedin.com/in/benjamin-barbier579
333,Alice,Morel,alice.morel@pulseinternational.fr,02 16 96 60 67,06 86 83 74 21,Pulse International,Ingénieur,Immobilier,Montpellier,34,France,Appel entrant,Client actif,2025-03-05,linkedin.com/in/alice-morel345
334,Sarah,Legrand,sarah.legrand@vividinternational.fr,05 61 43 20 61,06 74 65 99 26,Vivid International,Responsable Marketing,Transport,Lyon,69,France,Webinar,Lead qualifié,2025-08-13,linkedin.com/in/sarah-legrand668
335,Vincent,Lefebvre,vincent.lefebvre@nexainnovations.fr,02 41 19 44 65,06 51 97 83 21,Nexa Innovations,Chef de Projet,Télécommunications,Dijon,21,France,Publicité en ligne,Client actif,2025-06-12,linkedin.com/in/vincent-lefebvre196
336,Arthur,André,arthur.andre@arioneurope.fr,07 49 31 54 88,06 66 89 28 66,Arion Europe,Directeur Commercial,Média,Paris,75,France,LinkedIn,Lead qualifié,2025-11-12,linkedin.com/in/arthur-andre160
337,Amandine,Marchand,amandine.marchand@ridgetechnologies.fr,06 16 41 89 28,06 46 11 53 98,Ridge Technologies,Chef de Projet,Retail,Toulouse,31,France,Partenaire,Client actif,2025-01-11,linkedin.com/in/amandine-marchand215
338,Pauline,Blanc,pauline.blanc@alpineindustries.fr,05 43 80 71 89,06 28 98 99 95,Alpine Industries,Directeur Général,Immobilier,Angers,49,France,Prospection sortante,Client inactif,2025-01-09,linkedin.com/in/pauline-blanc175
339,Manon,Vincent,manon.vincent@alpinelabs.fr,03 16 69 93 11,06 18 59 94 44,Alpine Labs,Directeur des Opérations,BTP,Villeurbanne,69,France,Salon professionnel,Prospect,2025-05-28,linkedin.com/in/manon-vincent905
340,Claire,Mercier,claire.mercier@deltaservices.fr,06 22 50 72 86,06 78 21 33 35,Delta Services,Responsable Qualité,Transport,Dijon,21,France,Webinar,Prospect,2025-01-08,linkedin.com/in/claire-mercier945
341,Pierre,Fournier,pierre.fournier@zenithsystems.fr,06 30 12 54 97,06 55 55 90 48,Zenith Systems,Ingénieur,Énergie,Le Havre,76,France,Appel entrant,Prospect,2025-11-09,linkedin.com/in/pierre-fournier900
342,Ethan,Bernard,ethan.bernard@nexagroup.fr,02 53 60 94 27,06 21 58 76 96,Nexa Group,Responsable Logistique,BTP,Montpellier,34,France,LinkedIn,Client actif,2025-04-19,linkedin.com/in/ethan-bernard157
343,Noah,Fournier,noah.fournier@elaninnovations.fr,04 79 26 36 93,06 27 84 79 97,Elan Innovations,Responsable IT,BTP,Rennes,35,France,Recommandation,Opportunité en cours,2025-12-23,linkedin.com/in/noah-fournier921
344,Pierre,Leroy,pierre.leroy@novaraventures.fr,06 82 30 50 18,06 81 78 25 33,Novara Ventures,Chargé de Clientèle,BTP,Nice,06,France,Recommandation,Prospect,2025-06-14,linkedin.com/in/pierre-leroy985
345,Tom,Fournier,tom.fournier@quantisinternational.fr,02 34 23 26 33,06 13 88 88 44,Quantis International,Responsable Logistique,Agroalimentaire,Bordeaux,33,France,Prospection sortante,Lead qualifié,2025-10-08,linkedin.com/in/tom-fournier237
346,Elodie,Bernard,elodie.bernard@cobalttechnologies.fr,02 74 87 70 93,06 57 33 59 72,Cobalt Technologies,Product Manager,Santé,Grenoble,38,France,Recommandation,Lead qualifié,2025-04-02,linkedin.com/in/elodie-bernard419
347,Amandine,Martin,amandine.martin@elangroup.fr,02 95 35 36 18,06 32 66 88 72,Elan Group,Chargé de Clientèle,BTP,Saint-Étienne,42,France,Partenaire,Lead qualifié,2025-07-13,linkedin.com/in/amandine-martin795
348,Chloé,Roussel,chloe.roussel@halodynamics.fr,06 50 60 88 83,06 86 78 77 92,Halo Dynamics,Directeur Commercial,Énergie,Le Havre,76,France,Salon professionnel,Client actif,2025-08-27,linkedin.com/in/chloe-roussel899
349,Chloé,David,chloe.david@pulsepartners.fr,06 15 81 59 76,06 90 16 34 47,Pulse Partners,Business Developer,Immobilier,Le Havre,76,France,Appel entrant,Opportunité en cours,2025-08-06,linkedin.com/in/chloe-david433
350,Raphaël,Nicolas,raphael.nicolas@elansolutions.fr,02 69 92 67 21,06 74 24 33 84,Elan Solutions,Directeur Technique,Santé,Dijon,21,France,Publicité en ligne,Client actif,2025-06-15,linkedin.com/in/raphael-nicolas26
351,Marie,Martinez,marie.martinez@vividventures.fr,04 21 42 51 98,06 93 30 25 21,Vivid Ventures,Chef de Projet,Assurance,Strasbourg,67,France,Partenaire,Opportunité en cours,2025-02-17,linkedin.com/in/marie-martinez725
352,Ethan,Marchand,ethan.marchand@cypherpartners.fr,02 58 80 58 15,06 31 52 82 94,Cypher Partners,Responsable Marketing,Santé,Villeurbanne,69,France,Recommandation,Lead qualifié,2025-12-02,linkedin.com/in/ethan-marchand430
353,Louis,Fournier,louis.fournier@halolabs.fr,03 90 33 25 26,06 35 10 89 42,Halo Labs,Directeur Général,Transport,Toulon,83,France,Partenaire,Client actif,2025-09-26,linkedin.com/in/louis-fournier6
354,Kevin,Garnier,kevin.garnier@deltaindustries.fr,06 70 68 62 66,06 20 86 86 10,Delta Industries,Ingénieur,Média,Nîmes,30,France,Webinar,Opportunité en cours,2025-10-21,linkedin.com/in/kevin-garnier571
355,Christophe,Michel,christophe.michel@sudconsulting.fr,01 93 54 14 28,06 14 95 83 87,Sud Consulting,Responsable RH,Éducation,Nice,06,France,Salon professionnel,Prospect,2025-02-14,linkedin.com/in/christophe-michel183
356,Julie,Clement,julie.clement@prismainnovations.fr,05 81 32 68 84,06 56 14 21 48,Prisma Innovations,Chargé de Clientèle,Éducation,Villeurbanne,69,France,Publicité en ligne,Prospect,2025-07-27,linkedin.com/in/julie-clement564
357,Camille,Vincent,camille.vincent@stratusconsulting.fr,06 45 52 77 62,06 77 36 99 36,Stratus Consulting,Responsable Logistique,Technologie,Toulouse,31,France,Salon professionnel,Client inactif,2025-12-21,linkedin.com/in/camille-vincent542
358,Sarah,Legrand,sarah.legrand@halointernational.fr,07 46 64 87 50,06 43 77 83 89,Halo International,Directeur des Opérations,Média,Villeurbanne,69,France,Recommandation,Client inactif,2025-10-16,linkedin.com/in/sarah-legrand533
359,Charlotte,Perrin,charlotte.perrin@stratussystems.fr,05 39 47 34 10,06 25 13 69 90,Stratus Systems,Chef de Projet,Assurance,Nantes,44,France,LinkedIn,Client inactif,2025-07-14,linkedin.com/in/charlotte-perrin47
360,Adam,André,adam.andre@nexalabs.fr,01 91 35 98 46,06 42 18 49 48,Nexa Labs,Responsable Qualité,Énergie,Strasbourg,67,France,Campagne email,Prospect,2025-02-22,linkedin.com/in/adam-andre342
361,Adam,Dupont,adam.dupont@haloinnovations.fr,01 32 34 52 53,06 96 71 70 14,Halo Innovations,Responsable Marketing,Transport,Villeurbanne,69,France,Recommandation,Client actif,2025-09-11,linkedin.com/in/adam-dupont474
362,Marc,Lambert,marc.lambert@elaninternational.fr,07 76 48 82 96,06 50 81 78 12,Elan International,Responsable IT,Agroalimentaire,Lyon,69,France,Campagne email,Opportunité en cours,2025-02-05,linkedin.com/in/marc-lambert288
363,Sébastien,Bernard,sebastien.bernard@zenithservices.fr,07 31 83 87 59,06 33 86 24 49,Zenith Services,Chargé de Clientèle,Assurance,Angers,49,France,Site web,Opportunité en cours,2025-07-03,linkedin.com/in/sebastien-bernard509
364,Damien,David,damien.david@cobaltsystems.fr,02 77 48 32 24,06 57 14 35 21,Cobalt Systems,Business Developer,Énergie,Lille,59,France,Site web,Client actif,2025-09-05,linkedin.com/in/damien-david195
365,Adam,Legrand,adam.legrand@halodynamics.fr,03 51 28 22 76,06 96 26 36 14,Halo Dynamics,Business Developer,Immobilier,Dijon,21,France,Webinar,Prospect,2025-01-10,linkedin.com/in/adam-legrand955
366,Chloé,Clement,chloe.clement@ridgeinnovations.fr,03 69 15 23 76,06 94 49 12 83,Ridge Innovations,Responsable RH,Télécommunications,Marseille,13,France,LinkedIn,Opportunité en cours,2025-04-07,linkedin.com/in/chloe-clement294
367,Léo,Blanc,leo.blanc@zenithlabs.fr,06 25 44 29 30,06 45 24 11 89,Zenith Labs,Directeur Technique,Énergie,Toulon,83,France,Salon professionnel,Lead qualifié,2025-09-12,linkedin.com/in/leo-blanc563
368,Arthur,Roux,arthur.roux@horizoninternational.fr,05 41 31 19 49,06 88 53 79 66,Horizon International,Directeur Commercial,Santé,Lille,59,France,Site web,Client actif,2025-11-02,linkedin.com/in/arthur-roux109
369,Ethan,Thomas,ethan.thomas@atlasservices.fr,02 86 85 90 98,06 99 67 88 55,Atlas Services,Responsable RH,Éducation,Le Havre,76,France,LinkedIn,Client inactif,2025-02-25,linkedin.com/in/ethan-thomas783
370,Mathis,Muller,mathis.muller@horizontechnologies.fr,01 68 49 97 92,06 69 70 39 38,Horizon Technologies,Responsable Marketing,BTP,Toulon,83,France,Prospection sortante,Opportunité en cours,2025-06-13,linkedin.com/in/mathis-muller188
371,Céline,Mathieu,celine.mathieu@zenithlabs.fr,04 72 13 18 70,06 24 54 71 69,Zenith Labs,Directeur Financier,Retail,Rennes,35,France,Campagne email,Client inactif,2025-10-05,linkedin.com/in/celine-mathieu521
372,Inès,Dupont,ines.dupont@asterinternational.fr,03 81 93 19 48,06 78 69 61 85,Aster International,Acheteur,Industrie,Toulouse,31,France,Prospection sortante,Lead qualifié,2025-09-06,linkedin.com/in/ines-dupont998
373,Thomas,Mercier,thomas.mercier@atlasdigital.fr,07 98 85 65 65,06 82 53 79 98,Atlas Digital,Ingénieur,Santé,Strasbourg,67,France,Salon professionnel,Client inactif,2025-08-04,linkedin.com/in/thomas-mercier607
374,Kevin,Martinez,kevin.martinez@zenithpartners.fr,07 66 32 49 61,06 18 86 23 97,Zenith Partners,Responsable Logistique,Tourisme,Toulouse,31,France,Publicité en ligne,Opportunité en cours,2025-08-21,linkedin.com/in/kevin-martinez677
375,Manon,Richard,manon.richard@alpinedynamics.fr,05 91 10 28 94,06 29 67 78 47,Alpine Dynamics,Responsable Communication,Agroalimentaire,Nice,06,France,Prospection sortante,Client actif,2025-04-07,linkedin.com/in/manon-richard698
376,Damien,Morel,damien.morel@prismainnovations.fr,04 54 21 84 11,06 88 75 61 26,Prisma Innovations,Responsable RH,Technologie,Lille,59,France,Campagne email,Client inactif,2025-01-01,linkedin.com/in/damien-morel721
377,Alexandre,André,alexandre.andre@vertexdynamics.fr,07 13 40 65 99,06 85 60 90 50,Vertex Dynamics,Responsable Communication,Immobilier,Lille,59,France,Publicité en ligne,Client actif,2025-09-07,linkedin.com/in/alexandre-andre679
378,Marie,Legrand,marie.legrand@horizonindustries.fr,04 56 63 29 46,06 95 26 27 11,Horizon Industries,Responsable Achats,Télécommunications,Angers,49,France,Site web,Lead qualifié,2025-12-16,linkedin.com/in/marie-legrand674
379,Noah,Leroy,noah.leroy@atlasconsulting.fr,07 68 99 87 64,06 89 33 68 75,Atlas Consulting,Acheteur,Énergie,Saint-Étienne,42,France,Partenaire,Client actif,2025-06-08,linkedin.com/in/noah-leroy191
380,Noah,Roussel,noah.roussel@nordinnovations.fr,07 40 74 44 62,06 79 83 56 14,Nord Innovations,Directeur Commercial,Agroalimentaire,Grenoble,38,France,Partenaire,Opportunité en cours,2025-02-19,linkedin.com/in/noah-roussel494
381,Céline,Richard,celine.richard@horizoninternational.fr,07 45 69 76 20,06 76 88 21 41,Horizon International,Product Manager,Télécommunications,Dijon,21,France,Salon professionnel,Client inactif,2025-10-10,linkedin.com/in/celine-richard628
382,Manon,Girard,manon.girard@nexalabs.fr,04 68 75 70 83,06 52 63 55 47,Nexa Labs,Responsable RH,Santé,Paris,75,France,Site web,Client inactif,2025-12-10,linkedin.com/in/manon-girard745
383,Marc,Muller,marc.muller@orbitsolutions.fr,05 31 83 16 94,06 47 89 13 46,Orbit Solutions,Product Manager,Finance,Grenoble,38,France,Recommandation,Client inactif,2025-02-28,linkedin.com/in/marc-muller803
384,Léo,Bertrand,leo.bertrand@horizoninnovations.fr,03 42 11 24 87,06 32 85 29 94,Horizon Innovations,Business Developer,Éducation,Bordeaux,33,France,Recommandation,Opportunité en cours,2025-12-08,linkedin.com/in/leo-bertrand497
385,Marie,Rousseau,marie.rousseau@ridgesolutions.fr,01 28 86 29 73,06 62 59 40 94,Ridge Solutions,Business Developer,Assurance,Rennes,35,France,Recommandation,Lead qualifié,2025-10-24,linkedin.com/in/marie-rousseau863
386,Jules,Thomas,jules.thomas@kairosgroup.fr,01 31 69 61 70,06 48 70 78 39,Kairos Group,Responsable Communication,Télécommunications,Toulouse,31,France,Publicité en ligne,Client actif,2025-05-05,linkedin.com/in/jules-thomas544
387,Guillaume,Bonnet,guillaume.bonnet@nordgroup.fr,04 96 50 77 97,06 15 22 78 91,Nord Group,Directeur des Opérations,BTP,Toulon,83,France,Publicité en ligne,Client inactif,2025-11-28,linkedin.com/in/guillaume-bonnet280
388,Adam,Roux,adam.roux@orbitlabs.fr,03 93 84 60 69,06 96 40 96 85,Orbit Labs,Responsable IT,Énergie,Toulouse,31,France,Campagne email,Lead qualifié,2025-06-18,linkedin.com/in/adam-roux11
389,Elodie,Martin,elodie.martin@astertechnologies.fr,04 22 77 23 97,06 67 54 38 46,Aster Technologies,Consultant Senior,Industrie,Paris,75,France,Site web,Prospect,2025-10-03,linkedin.com/in/elodie-martin59
390,Kevin,Mathieu,kevin.mathieu@fjorddynamics.fr,05 91 25 25 21,06 87 26 58 94,Fjord Dynamics,Chargé d'Affaires,Tourisme,Strasbourg,67,France,Recommandation,Prospect,2025-12-06,linkedin.com/in/kevin-mathieu260
391,Raphaël,Martinez,raphael.martinez@solsticeventures.fr,06 68 45 64 98,06 95 51 42 30,Solstice Ventures,Responsable Achats,Retail,Marseille,13,France,Site web,Client actif,2025-07-11,linkedin.com/in/raphael-martinez62
392,Gabriel,Bertrand,gabriel.bertrand@meridiansystems.fr,04 35 88 60 32,06 92 72 23 28,Meridian Systems,Directeur Technique,Tourisme,Marseille,13,France,Publicité en ligne,Lead qualifié,2025-10-21,linkedin.com/in/gabriel-bertrand109
393,Benjamin,François,benjamin.francois@ombragroup.fr,01 19 19 83 42,06 67 12 73 29,Ombra Group,Directeur Général,Média,Toulouse,31,France,Site web,Client actif,2025-05-05,linkedin.com/in/benjamin-francois717
394,Adam,Dupont,adam.dupont@vividsolutions.fr,06 72 71 65 61,06 18 79 38 10,Vivid Solutions,Responsable Communication,Assurance,Dijon,21,France,Partenaire,Prospect,2025-10-18,linkedin.com/in/adam-dupont958
395,Jules,Girard,jules.girard@solsticegroup.fr,01 90 92 21 56,06 78 53 20 68,Solstice Group,Responsable RH,Télécommunications,Le Havre,76,France,LinkedIn,Lead qualifié,2025-09-02,linkedin.com/in/jules-girard991
396,Ethan,Mathieu,ethan.mathieu@alpinegroup.fr,01 90 98 55 72,06 20 90 66 34,Alpine Group,Responsable Marketing,Technologie,Le Havre,76,France,LinkedIn,Prospect,2025-12-19,linkedin.com/in/ethan-mathieu245
397,Nicolas,Mercier,nicolas.mercier@atlaslabs.fr,06 49 73 78 67,06 12 14 53 17,Atlas Labs,Chargé de Clientèle,Tourisme,Angers,49,France,Site web,Client actif,2025-02-07,linkedin.com/in/nicolas-mercier827
398,Claire,Mathieu,claire.mathieu@pulsesystems.fr,02 84 39 19 14,06 28 72 93 12,Pulse Systems,Product Manager,Média,Angers,49,France,Prospection sortante,Prospect,2025-04-23,linkedin.com/in/claire-mathieu665
399,Louise,Martin,louise.martin@meridianeurope.fr,03 22 68 88 31,06 85 18 23 24,Meridian Europe,Product Manager,Agroalimentaire,Lyon,69,France,Prospection sortante,Lead qualifié,2025-02-26,linkedin.com/in/louise-martin208
400,Noah,Girard,noah.girard@cypherdynamics.fr,03 25 97 83 79,06 27 51 37 15,Cypher Dynamics,Chargé d'Affaires,Santé,Le Havre,76,France,Campagne email,Prospect,2025-02-09,linkedin.com/in/noah-girard145
401,Amandine,Lambert,amandine.lambert@meridianinternational.fr,05 31 66 41 84,06 15 27 22 90,Meridian International,Responsable Logistique,Immobilier,Reims,51,France,Recommandation,Prospect,2025-08-03,linkedin.com/in/amandine-lambert7
402,Emma,Laurent,emma.laurent@elantechnologies.fr,03 63 98 70 98,06 26 36 28 91,Elan Technologies,Consultant Senior,Énergie,Nîmes,30,France,Partenaire,Client actif,2025-04-06,linkedin.com/in/emma-laurent626
403,Céline,Dubois,celine.dubois@arionconsulting.fr,05 21 90 48 54,06 63 10 81 40,Arion Consulting,Responsable IT,Finance,Grenoble,38,France,Webinar,Prospect,2025-10-12,linkedin.com/in/celine-dubois884
404,Amandine,Blanc,amandine.blanc@pulseindustries.fr,07 90 94 36 45,06 16 34 24 29,Pulse Industries,Product Manager,Transport,Toulon,83,France,Recommandation,Lead qualifié,2025-11-02,linkedin.com/in/amandine-blanc56
405,Claire,Lefevre,claire.lefevre@prismaindustries.fr,03 52 88 68 15,06 23 16 78 32,Prisma Industries,Directeur Financier,Tourisme,Saint-Étienne,42,France,Site web,Client actif,2025-09-04,linkedin.com/in/claire-lefevre73
406,Florian,David,florian.david@halosystems.fr,05 51 63 35 96,06 51 39 24 51,Halo Systems,Ingénieur,Finance,Nîmes,30,France,LinkedIn,Client actif,2025-04-13,linkedin.com/in/florian-david913
407,Anna,Robert,anna.robert@stratusinnovations.fr,01 65 28 37 88,06 68 32 59 57,Stratus Innovations,Responsable Marketing,Transport,Grenoble,38,France,LinkedIn,Opportunité en cours,2025-05-07,linkedin.com/in/anna-robert344
408,Louise,Dubois,louise.dubois@ombrainnovations.fr,03 27 24 69 68,06 63 31 53 38,Ombra Innovations,Responsable RH,Agroalimentaire,Lyon,69,France,Recommandation,Client inactif,2025-03-19,linkedin.com/in/louise-dubois994
409,Alexandre,Garcia,alexandre.garcia@atlasservices.fr,04 37 85 70 69,06 45 11 64 41,Atlas Services,Ingénieur,Éducation,Dijon,21,France,Publicité en ligne,Client inactif,2025-04-19,linkedin.com/in/alexandre-garcia969
410,Alice,Muller,alice.muller@fjordsolutions.fr,01 15 70 74 14,06 64 77 60 71,Fjord Solutions,Chef de Projet,Transport,Saint-Étienne,42,France,Partenaire,Lead qualifié,2025-02-18,linkedin.com/in/alice-muller772
411,Emma,Gauthier,emma.gauthier@haloservices.fr,02 55 47 40 92,06 21 12 71 95,Halo Services,Responsable RH,Santé,Strasbourg,67,France,Partenaire,Client inactif,2025-12-19,linkedin.com/in/emma-gauthier25
412,Mathis,Martinez,mathis.martinez@vantageconsulting.fr,02 57 90 69 91,06 10 90 19 59,Vantage Consulting,Chargé de Clientèle,Énergie,Le Havre,76,France,Site web,Opportunité en cours,2025-07-25,linkedin.com/in/mathis-martinez277
413,Céline,Nicolas,celine.nicolas@nexainnovations.fr,07 97 20 89 52,06 17 75 96 56,Nexa Innovations,Directeur Commercial,Finance,Strasbourg,67,France,Publicité en ligne,Opportunité en cours,2025-08-20,linkedin.com/in/celine-nicolas42
414,Hugo,Lefevre,hugo.lefevre@meridianeurope.fr,06 18 81 36 27,06 52 40 79 24,Meridian Europe,Product Manager,Assurance,Angers,49,France,Prospection sortante,Lead qualifié,2025-12-25,linkedin.com/in/hugo-lefevre231
415,Arthur,André,arthur.andre@fjordgroup.fr,06 64 45 16 18,06 57 54 67 72,Fjord Group,Responsable Qualité,Énergie,Dijon,21,France,Salon professionnel,Client actif,2025-12-18,linkedin.com/in/arthur-andre695
416,Christophe,Blanc,christophe.blanc@fjordgroup.fr,05 57 96 98 18,06 34 68 21 20,Fjord Group,Responsable Communication,Média,Toulon,83,France,Recommandation,Opportunité en cours,2025-02-04,linkedin.com/in/christophe-blanc169
417,Léo,Durand,leo.durand@ombraconsulting.fr,02 36 76 90 12,06 47 63 97 79,Ombra Consulting,Responsable Marketing,Transport,Grenoble,38,France,Campagne email,Client actif,2025-08-24,linkedin.com/in/leo-durand661
418,Léa,Vincent,lea.vincent@alpinetechnologies.fr,07 39 76 92 52,06 62 84 53 93,Alpine Technologies,Chargé de Clientèle,Transport,Paris,75,France,Prospection sortante,Client inactif,2025-09-15,linkedin.com/in/lea-vincent469
419,Louis,Muller,louis.muller@horizonventures.fr,02 43 39 71 57,06 46 16 28 55,Horizon Ventures,Responsable RH,Transport,Lille,59,France,Recommandation,Client inactif,2025-03-23,linkedin.com/in/louis-muller549
420,Raphaël,Laurent,raphael.laurent@meridiandynamics.fr,02 40 24 15 50,06 83 26 66 43,Meridian Dynamics,Directeur des Opérations,Santé,Nice,06,France,LinkedIn,Client inactif,2025-12-02,linkedin.com/in/raphael-laurent682
421,Arthur,André,arthur.andre@horizondigital.fr,05 30 78 48 25,06 13 61 73 28,Horizon Digital,Business Developer,Média,Toulon,83,France,Campagne email,Lead qualifié,2025-01-24,linkedin.com/in/arthur-andre560
422,Antoine,Girard,antoine.girard@kairosinternational.fr,04 47 83 95 28,06 82 66 53 98,Kairos International,Chef de Projet,Assurance,Lille,59,France,Partenaire,Prospect,2025-03-22,linkedin.com/in/antoine-girard565
423,Jade,Fournier,jade.fournier@nordservices.fr,07 38 67 55 21,06 51 17 87 92,Nord Services,Responsable IT,Agroalimentaire,Villeurbanne,69,France,Webinar,Lead qualifié,2025-05-07,linkedin.com/in/jade-fournier24
424,Sarah,Blanc,sarah.blanc@ridgesystems.fr,05 60 34 72 50,06 87 87 75 17,Ridge Systems,Directeur des Opérations,Immobilier,Marseille,13,France,Recommandation,Client actif,2025-06-13,linkedin.com/in/sarah-blanc382
425,Emma,Vincent,emma.vincent@cobaltdigital.fr,04 81 21 37 66,06 63 66 46 30,Cobalt Digital,Acheteur,Assurance,Lille,59,France,Publicité en ligne,Lead qualifié,2025-10-20,linkedin.com/in/emma-vincent89
426,Alice,Michel,alice.michel@prismasystems.fr,03 18 85 58 21,06 10 62 91 44,Prisma Systems,Acheteur,Santé,Dijon,21,France,Webinar,Client actif,2025-12-19,linkedin.com/in/alice-michel774
427,Benjamin,Leroy,benjamin.leroy@alpineconsulting.fr,03 80 72 15 48,06 84 48 73 81,Alpine Consulting,Business Developer,Industrie,Le Havre,76,France,Site web,Prospect,2025-03-09,linkedin.com/in/benjamin-leroy308
428,Sophie,Perrin,sophie.perrin@stratustechnologies.fr,04 32 72 98 92,06 41 13 25 45,Stratus Technologies,Product Manager,Finance,Lille,59,France,Prospection sortante,Opportunité en cours,2025-10-16,linkedin.com/in/sophie-perrin580
429,Noah,Bertrand,noah.bertrand@kairoseurope.fr,06 25 57 75 83,06 12 43 30 84,Kairos Europe,Directeur Commercial,Santé,Grenoble,38,France,Campagne email,Client actif,2025-12-05,linkedin.com/in/noah-bertrand366
430,Julie,Thomas,julie.thomas@orbitdigital.fr,06 55 16 47 47,06 77 91 19 75,Orbit Digital,Responsable IT,Tourisme,Saint-Étienne,42,France,Recommandation,Prospect,2025-10-25,linkedin.com/in/julie-thomas172
431,Julien,Morel,julien.morel@ridgedigital.fr,03 97 99 98 56,06 22 78 84 55,Ridge Digital,Responsable Marketing,Technologie,Lille,59,France,Recommandation,Client inactif,2025-05-12,linkedin.com/in/julien-morel798
432,Nicolas,Lambert,nicolas.lambert@zenithventures.fr,01 37 29 74 38,06 34 81 88 98,Zenith Ventures,Responsable Qualité,BTP,Nantes,44,France,Webinar,Client inactif,2025-12-25,linkedin.com/in/nicolas-lambert822
433,Jade,Lambert,jade.lambert@quantisventures.fr,01 26 12 71 54,06 49 98 56 27,Quantis Ventures,Business Developer,Média,Marseille,13,France,Prospection sortante,Client inactif,2025-06-06,linkedin.com/in/jade-lambert727
434,Louis,Bernard,louis.bernard@halodynamics.fr,02 26 98 28 98,06 39 49 26 36,Halo Dynamics,Responsable Marketing,Finance,Toulouse,31,France,Publicité en ligne,Prospect,2025-02-01,linkedin.com/in/louis-bernard794
435,Thomas,Renard,thomas.renard@novarasolutions.fr,01 14 94 75 85,06 17 70 25 42,Novara Solutions,Directeur Commercial,Finance,Strasbourg,67,France,Appel entrant,Prospect,2025-02-26,linkedin.com/in/thomas-renard127
436,Benjamin,Roussel,benjamin.roussel@alpineinnovations.fr,02 95 54 13 21,06 28 45 84 54,Alpine Innovations,Directeur des Opérations,Santé,Strasbourg,67,France,Webinar,Client inactif,2025-04-17,linkedin.com/in/benjamin-roussel584
437,Camille,Petit,camille.petit@asterinnovations.fr,05 37 34 46 31,06 78 10 22 37,Aster Innovations,Responsable Qualité,BTP,Paris,75,France,Partenaire,Opportunité en cours,2025-12-19,linkedin.com/in/camille-petit190
438,Sacha,Clement,sacha.clement@vertexconsulting.fr,04 64 37 75 39,06 62 24 50 25,Vertex Consulting,Business Developer,Finance,Reims,51,France,Webinar,Lead qualifié,2025-08-25,linkedin.com/in/sacha-clement370
439,Aurélie,Vincent,aurelie.vincent@nexainternational.fr,01 51 73 24 59,06 46 68 86 49,Nexa International,Business Developer,Industrie,Lyon,69,France,Webinar,Client actif,2025-05-28,linkedin.com/in/aurelie-vincent439
440,Léna,Robert,lena.robert@fjorddynamics.fr,06 57 32 11 96,06 72 96 23 60,Fjord Dynamics,Business Developer,Énergie,Grenoble,38,France,Salon professionnel,Prospect,2025-03-13,linkedin.com/in/lena-robert411
441,Céline,Henry,celine.henry@vertexinternational.fr,01 56 35 53 35,06 86 61 25 39,Vertex International,Acheteur,Assurance,Nantes,44,France,Partenaire,Opportunité en cours,2025-12-25,linkedin.com/in/celine-henry596
442,Maxime,Roux,maxime.roux@vantagelabs.fr,03 70 95 87 61,06 72 75 45 28,Vantage Labs,Business Developer,Finance,Le Havre,76,France,Salon professionnel,Opportunité en cours,2025-08-16,linkedin.com/in/maxime-roux237
443,Sophie,Leroy,sophie.leroy@nordtechnologies.fr,07 18 73 96 13,06 32 58 87 96,Nord Technologies,Chargé de Clientèle,Santé,Lyon,69,France,Appel entrant,Client inactif,2025-10-04,linkedin.com/in/sophie-leroy779
444,Camille,Mathieu,camille.mathieu@vantagepartners.fr,07 69 35 47 94,06 73 72 74 43,Vantage Partners,Directeur Technique,Éducation,Grenoble,38,France,Webinar,Client inactif,2025-01-25,linkedin.com/in/camille-mathieu33
445,Noah,Durand,noah.durand@lumensystems.fr,07 58 66 68 14,06 14 32 81 94,Lumen Systems,Responsable RH,Média,Rennes,35,France,Recommandation,Client actif,2025-07-05,linkedin.com/in/noah-durand320
446,Aurélie,Mercier,aurelie.mercier@stratuslabs.fr,05 96 72 94 80,06 97 79 83 70,Stratus Labs,Product Manager,Énergie,Toulouse,31,France,Recommandation,Client inactif,2025-01-13,linkedin.com/in/aurelie-mercier270
447,Nicolas,Henry,nicolas.henry@lumeninnovations.fr,07 46 51 17 13,06 85 15 26 56,Lumen Innovations,Directeur des Opérations,Tourisme,Reims,51,France,Prospection sortante,Prospect,2025-11-11,linkedin.com/in/nicolas-henry390
448,Inès,Bonnet,ines.bonnet@cobaltdigital.fr,03 17 94 41 41,06 40 92 49 85,Cobalt Digital,Responsable Achats,Média,Saint-Étienne,42,France,Salon professionnel,Opportunité en cours,2025-02-11,linkedin.com/in/ines-bonnet174
449,Léa,Blanc,lea.blanc@zenithsolutions.fr,06 64 82 75 63,06 44 12 99 70,Zenith Solutions,Chargé d'Affaires,Technologie,Toulon,83,France,Campagne email,Client actif,2025-10-13,linkedin.com/in/lea-blanc331
450,Vincent,Petit,vincent.petit@cyphersystems.fr,06 96 36 53 73,06 74 95 53 31,Cypher Systems,Responsable Logistique,Retail,Toulouse,31,France,Campagne email,Client actif,2025-04-16,linkedin.com/in/vincent-petit651
451,Fabien,Robert,fabien.robert@asterdynamics.fr,02 46 43 16 48,06 83 61 38 89,Aster Dynamics,Responsable Achats,Assurance,Angers,49,France,Prospection sortante,Prospect,2025-10-11,linkedin.com/in/fabien-robert280
452,Camille,Muller,camille.muller@cypherpartners.fr,04 36 54 19 93,06 48 74 48 65,Cypher Partners,Directeur Technique,Éducation,Grenoble,38,France,LinkedIn,Client actif,2025-07-09,linkedin.com/in/camille-muller640
453,Antoine,Martinez,antoine.martinez@solsticelabs.fr,02 12 90 76 33,06 83 73 37 94,Solstice Labs,Business Developer,Retail,Angers,49,France,Webinar,Client inactif,2025-07-19,linkedin.com/in/antoine-martinez745
454,Sophie,Thomas,sophie.thomas@pulseindustries.fr,04 28 40 29 97,06 48 65 62 50,Pulse Industries,Responsable Achats,Télécommunications,Reims,51,France,LinkedIn,Client actif,2025-05-27,linkedin.com/in/sophie-thomas294
455,Claire,Simon,claire.simon@orbiteurope.fr,02 61 40 24 29,06 34 13 41 49,Orbit Europe,Business Developer,Transport,Villeurbanne,69,France,Webinar,Client actif,2025-07-21,linkedin.com/in/claire-simon928
456,Chloé,Lefebvre,chloe.lefebvre@meridiangroup.fr,01 43 45 94 80,06 32 92 15 72,Meridian Group,Directeur Général,Technologie,Nice,06,France,Salon professionnel,Opportunité en cours,2025-10-10,linkedin.com/in/chloe-lefebvre888
457,Camille,Lambert,camille.lambert@fjorddigital.fr,04 27 40 24 83,06 74 25 76 95,Fjord Digital,Chargé d'Affaires,Tourisme,Marseille,13,France,Webinar,Opportunité en cours,2025-08-03,linkedin.com/in/camille-lambert244
458,Kevin,Durand,kevin.durand@vantagelabs.fr,03 84 59 40 64,06 37 28 23 32,Vantage Labs,Responsable IT,Retail,Rennes,35,France,Partenaire,Client actif,2025-05-28,linkedin.com/in/kevin-durand604
459,Manon,Garnier,manon.garnier@nexadigital.fr,03 79 64 70 97,06 41 45 28 56,Nexa Digital,Product Manager,Assurance,Toulouse,31,France,Campagne email,Opportunité en cours,2025-01-21,linkedin.com/in/manon-garnier991
460,Florian,Roussel,florian.roussel@suddynamics.fr,06 95 40 42 80,06 59 49 91 99,Sud Dynamics,Directeur des Opérations,Média,Lyon,69,France,Salon professionnel,Client inactif,2025-04-28,linkedin.com/in/florian-roussel454
461,Ethan,Martin,ethan.martin@elanservices.fr,03 21 40 48 36,06 30 66 90 50,Elan Services,Acheteur,Tourisme,Bordeaux,33,France,Site web,Opportunité en cours,2025-02-27,linkedin.com/in/ethan-martin799
462,Nicolas,Legrand,nicolas.legrand@haloservices.fr,06 64 22 30 99,06 43 74 18 55,Halo Services,Acheteur,Agroalimentaire,Rennes,35,France,Webinar,Opportunité en cours,2025-08-23,linkedin.com/in/nicolas-legrand29
463,Amandine,Thomas,amandine.thomas@kairoseurope.fr,06 66 92 27 10,06 61 35 90 49,Kairos Europe,Chargé de Clientèle,Agroalimentaire,Nantes,44,France,Salon professionnel,Prospect,2025-03-08,linkedin.com/in/amandine-thomas529
464,Aurélie,Barbier,aurelie.barbier@astereurope.fr,07 86 97 62 50,06 67 71 27 43,Aster Europe,Directeur Financier,Télécommunications,Nice,06,France,Prospection sortante,Opportunité en cours,2025-05-07,linkedin.com/in/aurelie-barbier87
465,Tom,Lefevre,tom.lefevre@meridianservices.fr,07 83 38 12 12,06 81 92 88 90,Meridian Services,Ingénieur,Média,Le Havre,76,France,Salon professionnel,Client actif,2025-04-09,linkedin.com/in/tom-lefevre719
466,Fabien,Simon,fabien.simon@sudservices.fr,04 86 43 29 21,06 57 31 82 25,Sud Services,Directeur Général,Assurance,Villeurbanne,69,France,Webinar,Client actif,2025-08-27,linkedin.com/in/fabien-simon690
467,Nicolas,Durand,nicolas.durand@deltainternational.fr,02 44 46 73 58,06 26 65 36 86,Delta International,Responsable IT,BTP,Strasbourg,67,France,Appel entrant,Lead qualifié,2025-07-06,linkedin.com/in/nicolas-durand419
468,Marc,Moreau,marc.moreau@nordgroup.fr,02 89 67 41 57,06 84 97 92 68,Nord Group,Responsable Achats,Technologie,Bordeaux,33,France,Partenaire,Lead qualifié,2025-06-23,linkedin.com/in/marc-moreau408
469,Elodie,Michel,elodie.michel@ombraservices.fr,06 86 42 19 22,06 81 17 16 52,Ombra Services,Ingénieur,Transport,Saint-Étienne,42,France,Campagne email,Client inactif,2025-11-26,linkedin.com/in/elodie-michel613
470,Aurélie,Chevalier,aurelie.chevalier@cyphersolutions.fr,03 74 89 58 48,06 60 95 57 26,Cypher Solutions,Directeur Technique,Technologie,Paris,75,France,Prospection sortante,Lead qualifié,2025-05-06,linkedin.com/in/aurelie-chevalier516
471,Nicolas,Girard,nicolas.girard@fjordsystems.fr,01 50 77 65 28,06 43 24 50 15,Fjord Systems,Responsable Marketing,Transport,Nice,06,France,Appel entrant,Opportunité en cours,2025-07-10,linkedin.com/in/nicolas-girard925
472,Damien,Bertrand,damien.bertrand@ariondynamics.fr,05 50 65 31 50,06 72 29 81 94,Arion Dynamics,Business Developer,Technologie,Bordeaux,33,France,LinkedIn,Lead qualifié,2025-01-08,linkedin.com/in/damien-bertrand188
473,Chloé,Legrand,chloe.legrand@orbitconsulting.fr,04 24 73 15 66,06 55 81 72 68,Orbit Consulting,Product Manager,Finance,Toulon,83,France,Recommandation,Prospect,2025-06-03,linkedin.com/in/chloe-legrand209
474,Guillaume,Vincent,guillaume.vincent@meridiandynamics.fr,06 75 44 82 94,06 84 37 84 10,Meridian Dynamics,Responsable Qualité,Tourisme,Nantes,44,France,Prospection sortante,Lead qualifié,2025-07-03,linkedin.com/in/guillaume-vincent253
475,Mathilde,Garnier,mathilde.garnier@solsticetechnologies.fr,01 46 97 97 25,06 60 57 85 23,Solstice Technologies,Chargé de Clientèle,Santé,Rennes,35,France,Site web,Prospect,2025-08-27,linkedin.com/in/mathilde-garnier725
476,Laura,Legrand,laura.legrand@quantiseurope.fr,05 94 10 52 15,06 93 89 67 51,Quantis Europe,Chargé d'Affaires,Santé,Bordeaux,33,France,LinkedIn,Prospect,2025-11-10,linkedin.com/in/laura-legrand331
477,Olivier,Thomas,olivier.thomas@halotechnologies.fr,05 58 21 61 42,06 32 40 61 21,Halo Technologies,Directeur Général,BTP,Angers,49,France,LinkedIn,Lead qualifié,2025-07-25,linkedin.com/in/olivier-thomas413
478,Raphaël,Morin,raphael.morin@vantageeurope.fr,01 48 72 65 49,06 97 87 26 55,Vantage Europe,Chef de Projet,BTP,Nice,06,France,Campagne email,Client inactif,2025-04-16,linkedin.com/in/raphael-morin457
479,Damien,Mercier,damien.mercier@stratusgroup.fr,05 64 21 64 57,06 88 33 65 90,Stratus Group,Acheteur,Finance,Nîmes,30,France,Site web,Client inactif,2025-06-15,linkedin.com/in/damien-mercier693
480,Anna,Morin,anna.morin@solsticeinternational.fr,04 77 90 92 77,06 20 47 69 65,Solstice International,Responsable Achats,Média,Nice,06,France,Partenaire,Opportunité en cours,2025-03-05,linkedin.com/in/anna-morin701
481,Florian,Fournier,florian.fournier@asterindustries.fr,04 47 82 16 80,06 19 15 75 23,Aster Industries,Responsable Qualité,Immobilier,Dijon,21,France,Publicité en ligne,Prospect,2025-08-22,linkedin.com/in/florian-fournier738
482,Vincent,Bertrand,vincent.bertrand@cobaltgroup.fr,01 74 12 24 94,06 69 32 33 60,Cobalt Group,Directeur Commercial,Finance,Nîmes,30,France,Publicité en ligne,Opportunité en cours,2025-06-19,linkedin.com/in/vincent-bertrand742
483,Mathis,Renard,mathis.renard@solsticesystems.fr,07 43 53 33 37,06 33 20 87 43,Solstice Systems,Chef de Projet,Immobilier,Villeurbanne,69,France,Webinar,Prospect,2025-01-13,linkedin.com/in/mathis-renard120
484,Emma,Simon,emma.simon@kairossystems.fr,06 61 94 87 72,06 48 89 88 56,Kairos Systems,Responsable Communication,Tourisme,Toulon,83,France,Appel entrant,Prospect,2025-03-05,linkedin.com/in/emma-simon15
485,Léna,Durand,lena.durand@astersolutions.fr,07 13 36 71 93,06 28 93 40 65,Aster Solutions,Directeur Technique,Industrie,Strasbourg,67,France,Salon professionnel,Opportunité en cours,2025-08-05,linkedin.com/in/lena-durand486
486,Noah,Bernard,noah.bernard@vertexconsulting.fr,06 99 66 72 70,06 12 67 84 41,Vertex Consulting,Responsable IT,Retail,Nice,06,France,Prospection sortante,Client actif,2025-01-11,linkedin.com/in/noah-bernard9
487,Inès,Perrin,ines.perrin@ridgeinternational.fr,04 73 84 86 80,06 47 14 72 61,Ridge International,Product Manager,Énergie,Saint-Étienne,42,France,Prospection sortante,Client inactif,2025-11-27,linkedin.com/in/ines-perrin889
488,Nicolas,Garcia,nicolas.garcia@ombrasolutions.fr,01 64 83 50 80,06 18 44 92 63,Ombra Solutions,Product Manager,Finance,Dijon,21,France,Partenaire,Client inactif,2025-11-12,linkedin.com/in/nicolas-garcia460
489,Céline,Bonnet,celine.bonnet@nordconsulting.fr,06 34 70 54 66,06 39 74 38 85,Nord Consulting,Chargé de Clientèle,Média,Lille,59,France,Prospection sortante,Client actif,2025-03-10,linkedin.com/in/celine-bonnet741
490,Aurélie,Mercier,aurelie.mercier@novaradynamics.fr,07 70 30 89 36,06 46 98 21 95,Novara Dynamics,Product Manager,Santé,Reims,51,France,Recommandation,Lead qualifié,2025-03-20,linkedin.com/in/aurelie-mercier504
491,Inès,Lambert,ines.lambert@stratusgroup.fr,02 81 16 12 55,06 43 55 96 30,Stratus Group,Directeur Financier,BTP,Montpellier,34,France,Webinar,Prospect,2025-02-11,linkedin.com/in/ines-lambert441
492,Jade,Nicolas,jade.nicolas@deltatechnologies.fr,02 72 43 53 55,06 15 81 44 29,Delta Technologies,Responsable Qualité,Agroalimentaire,Angers,49,France,Salon professionnel,Prospect,2025-08-26,linkedin.com/in/jade-nicolas469
493,Sébastien,Renard,sebastien.renard@vertextechnologies.fr,05 23 81 15 74,06 23 31 90 25,Vertex Technologies,Responsable IT,Média,Villeurbanne,69,France,Campagne email,Lead qualifié,2025-12-10,linkedin.com/in/sebastien-renard726
494,Sacha,Renard,sacha.renard@pulsesystems.fr,02 92 56 52 27,06 25 35 66 63,Pulse Systems,Directeur Général,Industrie,Toulouse,31,France,Partenaire,Opportunité en cours,2025-05-17,linkedin.com/in/sacha-renard176
495,Sarah,Roux,sarah.roux@cobaltinternational.fr,03 90 95 41 29,06 77 63 39 27,Cobalt International,Acheteur,Immobilier,Saint-Étienne,42,France,Publicité en ligne,Client actif,2025-09-26,linkedin.com/in/sarah-roux699
496,Hugo,Bernard,hugo.bernard@quantisconsulting.fr,06 76 18 20 53,06 50 61 31 65,Quantis Consulting,Directeur Commercial,Immobilier,Paris,75,France,Site web,Lead qualifié,2025-10-02,linkedin.com/in/hugo-bernard647
497,Aurélie,Mathieu,aurelie.mathieu@fjordpartners.fr,04 61 97 99 80,06 48 50 54 11,Fjord Partners,Consultant Senior,Média,Lille,59,France,Webinar,Client inactif,2025-03-23,linkedin.com/in/aurelie-mathieu414
498,Sacha,Morin,sacha.morin@alpineventures.fr,05 89 93 66 99,06 54 93 61 35,Alpine Ventures,Responsable RH,Finance,Angers,49,France,Site web,Client inactif,2025-06-13,linkedin.com/in/sacha-morin743
499,Charlotte,Chevalier,charlotte.chevalier@fjordconsulting.fr,05 46 37 21 75,06 80 49 76 53,Fjord Consulting,Directeur Financier,Technologie,Dijon,21,France,Site web,Client inactif,2025-10-09,linkedin.com/in/charlotte-chevalier248
500,Sébastien,Barbier,sebastien.barbier@prismainternational.fr,05 24 17 57 43,06 90 74 55 25,Prisma International,Directeur Commercial,Tourisme,Saint-Étienne,42,France,Salon professionnel,Client actif,2025-05-19,linkedin.com/in/sebastien-barbier755
